Constituency,House median Mar 19,Wage Median (April 19),Proportion British (2011 Census),Prop owning own house,Cons. A*-C % (2018),0-9,10-19,20-29,30-39%,40-49%,50-59%,60-69,70-79%,80+%
Kensington,1450000,840,0.476823452,0.337770936,0.776,0.110977166,0.095173567,0.140270139,0.175599454,0.151542083,0.129816534,0.091953012,0.068256413,0.036411633
Cities of London and Westminster,1200000,780,0.480445455,0.315429136,0.741,0.091860223,0.087179448,0.183004473,0.196330826,0.14117004,0.120822523,0.087749147,0.057077749,0.034805571
Chelsea and Fulham,980000,830,0.566316925,0.403049714,0.764,0.119782414,0.089360611,0.157063316,0.179224894,0.149682229,0.12295097,0.083746955,0.062079892,0.03610872
Hampstead and Kilburn,755000,850,0.540614975,0.381704119,0.611,0.128909332,0.09497056,0.156663317,0.20150809,0.147112979,0.106780335,0.074352351,0.054975146,0.03472789
Holborn and St Pancras,751750,680,0.597108565,0.274977336,0.693,0.10442188,0.114619942,0.224696255,0.175601215,0.121259665,0.106411286,0.074398785,0.04974144,0.028849533
Westminster North,750000,830,0.464396126,0.304122651,0.735,0.129777765,0.104050337,0.146134176,0.205051552,0.14769974,0.110864266,0.073991516,0.049330162,0.033100487
Hammersmith,730000,800,0.553520078,0.307479118,0.641,0.118639502,0.093273278,0.185721502,0.197945782,0.145470618,0.114834147,0.071299882,0.046152551,0.026662738
Battersea,715000,830,0.654836987,0.419969195,0.801,0.117859055,0.071551819,0.210567026,0.254468801,0.134739777,0.094297444,0.05760355,0.037067888,0.02184464
Islington South and Finsbury,696250,870,0.637498052,0.265584498,0.717,0.097156457,0.089193218,0.273014749,0.209811172,0.115067568,0.096407072,0.058937851,0.037625687,0.022786228
Richmond Park,690000,790,0.701324821,0.609481876,0.807,0.140531425,0.115496753,0.102809998,0.15062567,0.164478661,0.132202295,0.088468449,0.065521969,0.03986478
Wimbledon,640000,890,0.649411277,0.623566398,0.729,0.141479744,0.093080362,0.122386594,0.190781165,0.156704151,0.116042255,0.084090043,0.057820675,0.03761501
Vauxhall,599995,720,0.589881876,0.261288796,0.644,0.092934221,0.087466077,0.251502326,0.226447402,0.120791871,0.106624774,0.059729581,0.033414642,0.021089106
Bermondsey and Old Southwark,595000,750,0.581361344,0.2440339,0.662,0.106805732,0.091273582,0.237824953,0.222613827,0.128102673,0.105460159,0.05828313,0.03063399,0.019001953
Esher and Walton,578000,820,0.825503786,0.737154105,0.749,0.144677209,0.123815678,0.077289835,0.114550678,0.159539632,0.14681663,0.099400089,0.077700254,0.056209995
Tooting,575000,760,0.653232295,0.484353236,0.695,0.131064373,0.086719285,0.182243715,0.23853278,0.136128473,0.09941147,0.060915188,0.039153246,0.02583147
Ealing Central and Acton,570000,670,0.534454316,0.455015427,0.695,0.130788308,0.097800545,0.159125097,0.181623775,0.149782494,0.116648372,0.079871529,0.05130707,0.033052811
Twickenham,568500,810,0.789112494,0.668705143,0.711,0.134390496,0.114649089,0.093976882,0.144705444,0.168000812,0.137783682,0.096921593,0.067762189,0.041809812
Putney,565000,850,0.628731423,0.466106215,0.729,0.133497934,0.097299204,0.157039202,0.222795526,0.141126675,0.101944976,0.069616044,0.048684874,0.027995566
Finchley and Golders Green,556000,640,0.575989984,0.546183533,0.763,0.135294162,0.113172444,0.133630306,0.169244383,0.148166355,0.112007744,0.082262541,0.061146699,0.045075365
Chesham and Amersham,550000,660,0.889361472,0.769176636,0.778,0.122426428,0.128483117,0.082427262,0.096104329,0.145287562,0.15252223,0.110990649,0.094280025,0.067478395
Hackney South and Shoreditch,550000,670,0.597772214,0.204840172,0.665,0.119422735,0.10252005,0.184043339,0.255996725,0.133598473,0.097044223,0.056739507,0.03182413,0.018810817
Hornsey and Wood Green,549950,710,0.632553366,0.455347216,0.641,0.124463519,0.102973192,0.134524476,0.198326802,0.157663121,0.123880388,0.079336941,0.050405859,0.028425701
Hackney North and Stoke Newington,548250,730,0.619771002,0.270569993,0.688,0.157486597,0.11247043,0.152804412,0.242738763,0.12948447,0.096786159,0.057222043,0.0316065,0.019400624
"Ruislip, Northwood and Pinner",545000,740,0.754214862,0.73252903,0.688,0.125499028,0.105220596,0.097901525,0.129122735,0.13590951,0.139113522,0.112826287,0.089405262,0.065001535
Beaconsfield,534500,790,0.866028756,0.738697204,0.755,0.121343593,0.113814337,0.08699501,0.110915476,0.137987724,0.149651261,0.114543916,0.095069018,0.069679666
Islington North,530000,740,0.653838348,0.30251667,0.584,0.116252793,0.09549822,0.222166529,0.210561639,0.126795742,0.104376046,0.062527079,0.039869509,0.021952442
Chipping Barnet,527500,760,0.707965313,0.666418718,0.789,0.128970609,0.116771483,0.106626592,0.146187457,0.143922747,0.137221226,0.09875483,0.072176058,0.049368996
"Enfield, Southgate",525000,700,0.657086509,0.656774667,0.674,0.125463398,0.102039434,0.131619448,0.163183723,0.138549844,0.130719271,0.092060051,0.068829673,0.04753516
Dulwich and West Norwood,515000,730,0.676448771,0.410645078,0.569,0.144425734,0.110437143,0.137045501,0.206509038,0.145353633,0.123195752,0.068269297,0.040174582,0.024589319
Mole Valley,505000,640,0.899434933,0.736063048,0.684,0.105227965,0.116955395,0.089159328,0.094652703,0.135770718,0.160449757,0.123312896,0.105804049,0.068667188
Beckenham,500000,800,0.867671904,0.768832584,0.689,0.123041064,0.114738075,0.098389886,0.131848892,0.145458061,0.144641725,0.101966724,0.0806883,0.059227274
Bethnal Green and Bow,500000,700,0.59309459,0.233669479,0.662,0.124719796,0.112121434,0.235570751,0.231293694,0.121227642,0.078496977,0.051085229,0.026926173,0.018558306
Epsom and Ewell,500000,730,0.855110992,0.785176425,0.8,0.128306495,0.121793016,0.093215126,0.116546047,0.147277004,0.143622218,0.10576262,0.086556902,0.056920572
Harrow East,500000,630,0.530758185,0.675460088,0.751,0.136153825,0.113562867,0.128516017,0.149586784,0.12863579,0.124978118,0.100802477,0.068371737,0.049392384
South West Hertfordshire,500000,650,0.877617298,0.730292409,0.787,0.123192336,0.121447939,0.092046276,0.121411786,0.150723066,0.14585141,0.10576645,0.082194505,0.057366233
Streatham,500000,710,0.610860004,0.39358808,0.657,0.122919314,0.088116567,0.188576529,0.242557777,0.132182891,0.107029705,0.060567072,0.03469821,0.023351936
St Albans,495000,710,0.849748625,0.699370303,0.794,0.138416957,0.11998333,0.100251015,0.144803791,0.154059371,0.134230139,0.092303816,0.06916002,0.04679156
Camberwell and Peckham,490000,620,0.591562455,0.270618352,0.679,0.140595572,0.104410441,0.166690619,0.201234409,0.138114652,0.123327459,0.066326801,0.037516357,0.021783691
Brentford and Isleworth,480000,720,0.570809608,0.494763424,0.676,0.142092554,0.103236303,0.132124505,0.185726696,0.151272877,0.11747427,0.082409411,0.053918754,0.031744629
Hendon,480000,640,0.558523485,0.519037228,0.71,0.149803738,0.122270402,0.141974521,0.172540351,0.136079582,0.113838938,0.078341765,0.051885389,0.033265315
South West Surrey,475625,750,0.89168905,0.730732385,0.738,0.12379882,0.126196497,0.085688864,0.107408448,0.14755081,0.143654585,0.107605133,0.092057694,0.06603915
Poplar and Limehouse,472500,850,0.546172667,0.250593351,0.621,0.146503513,0.106800583,0.199052388,0.247179867,0.134320778,0.080588882,0.047589742,0.024114526,0.01384972
Greenwich and Woolwich,470000,730,0.641820862,0.322878468,0.518,0.150003017,0.10262888,0.175869506,0.214427921,0.14266538,0.097591325,0.059259148,0.036296039,0.021258786
Henley,470000,770,0.908559277,0.74345323,0.665,0.108808498,0.116700302,0.083596895,0.102673775,0.136941876,0.155004669,0.121981586,0.108989227,0.065303172
Leyton and Wanstead,470000,680,0.569171554,0.468346996,0.658,0.137235426,0.10316586,0.158609044,0.210512533,0.138499603,0.108827566,0.072906884,0.043090371,0.027152713
Brent Central,465000,590,0.457566321,0.353607692,0.592,0.143475929,0.121892182,0.15829422,0.16965938,0.133297573,0.122153681,0.077685396,0.044562156,0.028979482
Guildford,465000,780,0.829526631,0.666618312,0.748,0.105972355,0.12900113,0.193253934,0.119846996,0.122837521,0.118612536,0.089880901,0.07097279,0.049621838
Kingston and Surbiton,460000,740,0.728106303,0.636361725,0.76,0.128774786,0.104515602,0.147267699,0.167944568,0.146654935,0.11892342,0.08529994,0.061174308,0.039444741
Brent North,455450,580,0.407280284,0.553256536,0.737,0.142988185,0.115990313,0.130637705,0.170947384,0.131180744,0.118632127,0.093542232,0.057701622,0.038379687
Windsor,455100,680,0.826780811,0.675650312,0.743,0.117759275,0.130962673,0.096840582,0.125982032,0.151157764,0.151580649,0.097742736,0.075968876,0.052005413
Epping Forest,452000,730,0.896470489,0.711076451,0.674,0.127184003,0.108290763,0.114651454,0.131179312,0.137997177,0.140601085,0.102029458,0.08193365,0.056133097
Tottenham,451500,640,0.477595425,0.315811004,0.574,0.137766886,0.121957918,0.163047152,0.192904625,0.146104445,0.113634443,0.06519351,0.036364148,0.023026872
Chingford and Woodford Green,450000,750,0.802232583,0.688227319,0.746,0.133622235,0.111733198,0.113441302,0.142732123,0.141371966,0.136479619,0.096286455,0.071877438,0.052455663
Hertsmere,450000,680,0.829872739,0.676177787,0.75,0.134753611,0.121280169,0.105945012,0.128199223,0.13589559,0.139235161,0.100292692,0.079007725,0.055390816
Ilford North,450000,630,0.691974773,0.684263343,0.698,0.133168693,0.124728615,0.131196628,0.155413229,0.140423723,0.126248372,0.088842452,0.06018418,0.039794109
Maidenhead,450000,770,0.846035177,0.734227497,0.748,0.128013417,0.11890641,0.085729544,0.129606206,0.151033908,0.141364739,0.103625001,0.086891344,0.054829431
Hitchin and Harpenden,448000,820,0.893431185,0.718756926,0.814,0.135409757,0.123258832,0.086363855,0.124248979,0.155212689,0.141802451,0.098620524,0.079711608,0.055371305
Walthamstow,445000,690,0.56983903,0.454549827,0.619,0.162846641,0.112329781,0.135308812,0.207332767,0.151971133,0.108300881,0.062712905,0.036125527,0.023071553
Croydon South,440000,740,0.801551998,0.721912938,0.674,0.131958026,0.115673736,0.104474566,0.142825558,0.134466573,0.141890168,0.103785779,0.075281893,0.049643701
Harrow West,440000,700,0.533480536,0.599666029,0.677,0.142474904,0.118348365,0.128632405,0.167620746,0.139999454,0.121087742,0.088224319,0.057408604,0.03620346
"Ealing, Southall",439875,610,0.476004208,0.544205135,0.682,0.148115813,0.125375619,0.109051409,0.159668643,0.152481118,0.126888248,0.090737432,0.053226265,0.034455454
"Lewisham, Deptford",432200,690,0.610412401,0.343734209,0.645,0.130035023,0.093375709,0.197432188,0.220232589,0.143111259,0.106444039,0.058123631,0.032326922,0.018918641
Brentwood and Ongar,430000,780,0.924276816,0.748213731,0.759,0.115070196,0.112624981,0.104367197,0.117328913,0.133575092,0.151157851,0.109133295,0.091892452,0.064850023
Orpington,430000,770,0.9000079,0.79744821,0.745,0.130798718,0.116862303,0.091999827,0.11836748,0.137252566,0.141973838,0.107138216,0.095724867,0.059882185
Bromley and Chislehurst,425000,770,0.847799352,0.676155238,0.662,0.137771623,0.114438325,0.107566403,0.149870371,0.146444822,0.133773414,0.088814385,0.071072332,0.050248326
Saffron Walden,425000,700,0.929481458,0.720280584,0.675,0.120454565,0.120613012,0.092867266,0.114856122,0.141079021,0.150893902,0.113438906,0.090605002,0.055192204
West Ham,425000,630,0.480359424,0.292686003,0.631,0.137665649,0.107040234,0.215116186,0.216364361,0.122252025,0.096141283,0.056953924,0.031039703,0.017426637
Cambridge,421000,630,0.704287955,0.464818665,0.769,0.112261884,0.123339626,0.259498885,0.128616784,0.110408443,0.100652137,0.074875579,0.051673245,0.038673417
Ealing North,420000,590,0.534937292,0.550125829,0.701,0.15266447,0.128422398,0.11447138,0.158092171,0.139086918,0.124073598,0.08944918,0.055555094,0.038184791
Uxbridge and South Ruislip,420000,650,0.758469427,0.647287549,0.648,0.133437413,0.117376831,0.180910339,0.152216629,0.128107812,0.115088872,0.079235193,0.056301759,0.037325151
Eltham,415000,720,0.795853341,0.586389477,0.59,0.136602581,0.116249671,0.121759284,0.156028444,0.142164867,0.130608375,0.089238873,0.065704504,0.041643403
Reigate,415000,740,0.874644214,0.721967538,0.688,0.132386598,0.117125652,0.09873185,0.134956665,0.147741342,0.139712228,0.096977826,0.077636664,0.054731175
Runnymede and Weybridge,415000,750,0.819071263,0.695768268,0.746,0.117020407,0.114341244,0.156208848,0.120453369,0.13548393,0.133658466,0.093416524,0.075942929,0.053474285
Winchester,412500,670,0.898954811,0.685932333,0.782,0.10962462,0.133705773,0.119886308,0.102430658,0.133931197,0.132666863,0.107556601,0.095138685,0.065059296
Lewisham West and Penge,410000,710,0.723066618,0.473097141,0.616,0.146283512,0.102997209,0.12032901,0.19660276,0.162103317,0.124260202,0.074217434,0.045014299,0.028192257
Wokingham,410000,690,0.875417845,0.763467103,0.774,0.135094143,0.127959363,0.096162476,0.131782528,0.156283094,0.136754438,0.09793944,0.073286307,0.044738212
Buckingham,400000,710,0.927025025,0.756957137,0.753,0.115389681,0.123998043,0.088416814,0.103714296,0.139728296,0.15674745,0.122831445,0.095971475,0.053202499
East Ham,400000,610,0.444501542,0.38199048,0.696,0.16674403,0.131057228,0.151261223,0.205313626,0.133988884,0.099737373,0.061002871,0.031380932,0.019513834
North East Hampshire,400000,710,0.909635858,0.76872491,0.776,0.122856692,0.11976875,0.084824688,0.115250291,0.151812316,0.151457154,0.107239399,0.093210473,0.053580237
Sevenoaks,400000,710,0.913957894,0.72881267,0.473,0.127310546,0.119513095,0.092391082,0.114451412,0.138110168,0.142177958,0.112545596,0.093579655,0.059920489
Arundel and South Downs,395000,630,0.933379255,0.759701493,0.658,0.101625336,0.107433623,0.073371465,0.08827612,0.125852785,0.157020644,0.140688528,0.128579726,0.077151773
East Surrey,395000,710,0.90633268,0.748413878,0.635,0.124768332,0.11247772,0.095380823,0.125805851,0.137431386,0.147176972,0.111271715,0.088738926,0.056948275
Ilford South,395000,650,0.533666578,0.567910946,0.746,0.164769097,0.13854896,0.142142548,0.178140267,0.135855487,0.102200815,0.071019741,0.04091743,0.026405656
Lewisham East,395000,630,0.700046964,0.499693988,0.59,0.143050346,0.117859204,0.123295946,0.180710834,0.151615695,0.130346581,0.074734925,0.045567657,0.032818811
Sutton and Cheam,395000,660,0.780192778,0.710237131,0.785,0.134702883,0.108256521,0.102598549,0.158001569,0.153834085,0.131692489,0.090380467,0.072318102,0.048215336
Woking,395000,710,0.80682913,0.703113807,0.717,0.137401189,0.115704315,0.097747006,0.140576115,0.151544884,0.134115186,0.099274303,0.072828924,0.050808079
Surrey Heath,392750,700,0.875473377,0.765505218,0.721,0.117300089,0.11575896,0.101925494,0.119033859,0.146159562,0.148535469,0.107457046,0.087926906,0.055902615
Mitcham and Morden,388250,580,0.597204205,0.561479088,0.58,0.142859828,0.113192121,0.127062737,0.183672894,0.143339097,0.128265609,0.079539902,0.049797015,0.032270797
Bath,387750,650,0.862298698,0.571618037,0.713,0.089769303,0.130097607,0.255392021,0.103345778,0.105845084,0.111357956,0.086282617,0.068808047,0.049101587
Spelthorne,386250,640,0.859107931,0.725627657,0.696,0.127982363,0.107445588,0.103106691,0.136911833,0.142327904,0.142529245,0.101657036,0.082700787,0.055338555
Enfield North,385000,650,0.727644998,0.596082623,0.623,0.156533258,0.133006088,0.12581093,0.146343898,0.136208977,0.13135474,0.077658715,0.057797175,0.035286219
Hornchurch and Upminster,385000,650,0.91026389,0.74317612,0.725,0.125446931,0.115215923,0.118368082,0.130913676,0.126851894,0.134399063,0.105399198,0.082901788,0.060503445
Watford,385000,670,0.779199369,0.646820085,0.768,0.142981862,0.1178352,0.115314007,0.163853102,0.145698876,0.124933706,0.085165754,0.062279192,0.0419383
Hertford and Stortford,380000,720,0.911649221,0.709853354,0.791,0.123066436,0.120549525,0.102581581,0.133020467,0.151058326,0.146845997,0.098360512,0.074152728,0.050364428
Horsham,379500,660,0.911921845,0.735948948,0.762,0.117283189,0.124217965,0.096285004,0.119265813,0.138378302,0.152415276,0.112110745,0.085367358,0.054676348
Oxford West and Abingdon,378250,640,0.819540501,0.671464228,0.731,0.108839158,0.120835676,0.139351843,0.130728496,0.122041675,0.129876136,0.107170708,0.083603852,0.057552456
Carshalton and Wallington,378000,680,0.822569816,0.648527612,0.781,0.141625628,0.121488127,0.105924228,0.154088449,0.149076015,0.137188551,0.089229119,0.062070311,0.039309571
Tonbridge and Malling,378000,690,0.924960849,0.699099556,0.716,0.125298542,0.128351862,0.095439688,0.112719984,0.143581002,0.147027695,0.106182506,0.088284052,0.053114668
East Hampshire,377500,650,0.910591717,0.718204489,0.754,0.109307982,0.119097359,0.092272447,0.098933261,0.135375983,0.153723496,0.121751592,0.103858226,0.065679655
Old Bexley and Sidcup,375000,730,0.900856466,0.797895344,0.753,0.116726647,0.113206071,0.126763082,0.129937188,0.128573664,0.139560096,0.100207882,0.082359121,0.062666249
Tunbridge Wells,375000,690,0.898677072,0.657221838,0.788,0.121854072,0.121705864,0.091712441,0.129394111,0.149151977,0.144520504,0.10292987,0.082977482,0.05575368
"Brighton, Pavilion",370000,610,0.841070343,0.535187338,0.739,0.088309007,0.117668861,0.263797455,0.142986992,0.129864629,0.11497732,0.068779894,0.044406008,0.029209834
Croydon Central,370000,670,0.741554422,0.552863389,0.536,0.142934738,0.123586536,0.126129537,0.156373961,0.13295202,0.135676076,0.086914657,0.058349107,0.037083368
Oxford East,370000,620,0.723474587,0.452401827,0.49,0.115990341,0.12673079,0.280763946,0.128267462,0.10268064,0.096078639,0.068629922,0.047352288,0.033505972
Hayes and Harlington,369997.5,560,0.597205197,0.545119213,0.617,0.166609111,0.1311101,0.129171507,0.178319154,0.139876935,0.115303111,0.069742253,0.042578407,0.027289423
South Cambridgeshire,369995,750,0.880845483,0.707809593,0.75,0.125969888,0.12342634,0.090702773,0.119418324,0.147483,0.143903191,0.107985201,0.088733022,0.052378261
Chichester,365000,650,0.918495027,0.674345984,0.61,0.102498675,0.102669386,0.104672998,0.094295546,0.115445781,0.1452394,0.133604076,0.120854635,0.080719503
Edmonton,365000,580,0.570342409,0.491639763,0.558,0.158330771,0.144295888,0.135205205,0.15040343,0.133784267,0.123854316,0.075949577,0.047331378,0.030845168
Welwyn Hatfield,365000,610,0.824562902,0.558188825,0.657,0.122755154,0.117754302,0.189597887,0.139785313,0.11765207,0.118580678,0.08312319,0.06263418,0.048117226
Christchurch,364500,670,0.944674386,0.790425843,0.708,0.084518376,0.093956568,0.078574959,0.083840114,0.106567648,0.137940152,0.145412533,0.156276225,0.112913424
New Forest West,355000,660,0.934530886,0.748023403,0.748,0.08713823,0.096797037,0.07792057,0.080590673,0.11004307,0.144359698,0.149734731,0.147656694,0.105759296
North East Hertfordshire,355000,760,0.917826333,0.674946032,0.674,0.123215366,0.114543957,0.091446657,0.12115169,0.141183241,0.149457789,0.111359149,0.091754224,0.055887927
Romford,355000,690,0.886927232,0.731282234,0.641,0.134554577,0.10816056,0.134393638,0.150601155,0.123752722,0.128240083,0.095370633,0.073284105,0.051642526
The Cotswolds,355000,600,0.931711949,0.66970781,0.73,0.099897416,0.106179473,0.087753407,0.094279713,0.128435348,0.156787651,0.138478824,0.117600508,0.070587661
Broxbourne,353000,630,0.882579208,0.736560087,0.664,0.129183701,0.115774339,0.115119031,0.132127697,0.131472389,0.140265253,0.099274271,0.083351265,0.053432053
Mid Sussex,351500,640,0.897571398,0.73647721,0.716,0.123372734,0.110997587,0.094103969,0.128657495,0.145322106,0.142221713,0.107641764,0.089462188,0.058220445
Feltham and Heston,350000,560,0.563496304,0.508637806,0.703,0.155119009,0.119586804,0.132725198,0.172103329,0.140283665,0.117393366,0.08323206,0.050078549,0.029478021
Hove,348000,630,0.839563722,0.569190714,0.706,0.11227154,0.099207076,0.150029385,0.156918097,0.152717428,0.136001464,0.083695432,0.063511027,0.04564855
Bexleyheath and Crayford,345000,690,0.879553319,0.728883571,0.716,0.133821135,0.119250534,0.121999704,0.145251338,0.132171633,0.135608095,0.091409901,0.071890795,0.048596866
Croydon North,345000,620,0.592131957,0.506011461,0.695,0.153735691,0.129152477,0.123155404,0.162939865,0.146172677,0.13276303,0.078803047,0.044140374,0.029137433
Hemel Hempstead,345000,600,0.885491098,0.602494287,0.642,0.13829877,0.110157341,0.115077171,0.152852096,0.13567486,0.134091143,0.100804978,0.066806609,0.046237033
Maldon,342500,670,0.957397209,0.792918426,0.624,0.102576383,0.109890828,0.09519663,0.099898773,0.128274901,0.15715172,0.136079153,0.111229632,0.05970198
Bracknell,340000,740,0.873952064,0.688618911,0.69,0.130249212,0.126829355,0.108765726,0.144357237,0.14463404,0.139767664,0.098363291,0.068156045,0.03887743
Witney,340000,640,0.919010489,0.697046784,0.711,0.116712204,0.108460838,0.099799636,0.122905282,0.131420765,0.146530055,0.115983607,0.097823315,0.060364299
Wealden,338000,630,0.926034803,0.77168355,0.659,0.106284345,0.115482732,0.090584911,0.098091746,0.124297091,0.157277789,0.130596981,0.111615021,0.065769382
Kenilworth and Southam,337750,720,0.931280803,0.768649532,0.807,0.099086487,0.115161941,0.11437893,0.090508957,0.126242733,0.152532922,0.121426029,0.112753589,0.067908411
Wantage,337000,690,0.911970278,0.694550769,0.717,0.133718709,0.111526387,0.103179349,0.137738576,0.138344878,0.140977725,0.100887028,0.082174715,0.051452634
Altrincham and Sale West,335000,790,0.90485656,0.740804727,0.848,0.130128312,0.128960053,0.084497501,0.127065314,0.150214508,0.137982152,0.101766132,0.08333906,0.056046966
Newbury,335000,720,0.908503968,0.666917448,0.711,0.122673926,0.124441073,0.098415815,0.120656879,0.144174216,0.147342586,0.109563122,0.085590611,0.047141773
Romsey and Southampton North,335000,640,0.870523572,0.683837715,0.676,0.104371,0.121704275,0.147360143,0.103235108,0.119399725,0.13293213,0.115697154,0.096081173,0.059219293
Wycombe,331500,650,0.809791763,0.657241861,0.813,0.139144184,0.131373025,0.120915649,0.141039808,0.141542912,0.126863057,0.089875931,0.068655724,0.04058971
Lewes,330000,640,0.929131894,0.73148891,0.667,0.101913763,0.108525138,0.085358536,0.099792122,0.121415713,0.148943466,0.13227037,0.12012987,0.081651022
Mid Bedfordshire,330000,680,0.921494991,0.743654886,0.744,0.124909747,0.115113429,0.102776664,0.126130944,0.139528457,0.152569417,0.108356732,0.083950617,0.046663993
North Somerset,330000,660,0.949388469,0.793087042,0.718,0.113118187,0.108734368,0.077685578,0.106845803,0.137317259,0.146202321,0.127003542,0.114722978,0.068369963
Rayleigh and Wickford,330000,700,0.960647958,0.844732258,0.582,0.10741054,0.109220388,0.106259713,0.111876143,0.137145162,0.145200952,0.115436823,0.105856432,0.061593847
Reading East,330000,650,0.756493924,0.590280531,0.704,0.128877213,0.117050691,0.188716138,0.1560963,0.132339894,0.109160601,0.074594082,0.056031698,0.037133382
Dagenham and Rainham,325000,570,0.797619747,0.609323916,0.573,0.160528423,0.12852949,0.132737301,0.145209501,0.129774931,0.123049551,0.079272307,0.057975269,0.042923227
Tatton,325000,700,0.937950099,0.753066769,0.727,0.112693095,0.107225945,0.081518705,0.107749395,0.136643867,0.154243439,0.126326075,0.10532989,0.068269589
Faversham and Mid Kent,323000,560,0.936532908,0.713299841,0.639,0.124075505,0.116549087,0.096739556,0.118114582,0.1298859,0.147166555,0.116318277,0.098355227,0.052795312
"Brighton, Kemptown",320000,610,0.867550537,0.541641746,0.502,0.098252845,0.111281419,0.193367648,0.123263979,0.119587394,0.128628686,0.096875421,0.077860745,0.050881863
North East Bedfordshire,320000,640,0.927216792,0.743290659,0.612,0.131512098,0.112823627,0.094408854,0.130340327,0.14175013,0.14452988,0.113858549,0.084512945,0.046263589
Slough,320000,620,0.607424206,0.529741049,0.751,0.173742249,0.134894357,0.114944303,0.17749516,0.148299616,0.108813379,0.074216448,0.041092623,0.026501866
South East Cambridgeshire,320000,690,0.888263533,0.679537996,0.65,0.122366878,0.114362185,0.093982851,0.131982421,0.1438862,0.139218861,0.111148744,0.088084656,0.054967205
Stratford-on-Avon,317000,620,0.932930275,0.714167357,0.788,0.099029954,0.102696941,0.090587357,0.101257862,0.12603134,0.15275557,0.132640443,0.119539495,0.075461038
Erith and Thamesmead,316500,580,0.693575183,0.519041784,0.596,0.156178457,0.132176881,0.134359589,0.155587649,0.146889642,0.127384772,0.073711505,0.046411252,0.027300254
Meon Valley,315500,670,0.943469504,0.770479447,0.664,0.107423333,0.108674397,0.094555241,0.102093168,0.123476908,0.156488188,0.131572031,0.109925462,0.065791272
Mid Dorset and North Poole,315000,560,0.949042615,0.778167561,0.736,0.103343978,0.116828342,0.08844972,0.098969693,0.122660722,0.149219739,0.134433934,0.115261794,0.070832078
Chelmsford,314000,630,0.908948626,0.698775547,0.764,0.126336676,0.110022716,0.126004471,0.146996238,0.141977248,0.128715983,0.093538163,0.076371244,0.050037261
Aylesbury,312500,620,0.869597415,0.695131869,0.737,0.140497204,0.113640772,0.118093945,0.151375554,0.140497204,0.133005205,0.092328581,0.06804222,0.042519316
Basildon and Billericay,312000,590,0.925061603,0.666025024,0.66,0.138441866,0.118731287,0.114479375,0.137786926,0.133763723,0.13349343,0.095631653,0.077272538,0.050399202
Dartford,310000,650,0.890833333,0.678505861,0.707,0.142472073,0.115862772,0.115508557,0.159180641,0.138679384,0.12948708,0.088018039,0.06712801,0.043663444
East Worthing and Shoreham,310000,570,0.926560027,0.73767084,0.627,0.116917742,0.110152249,0.092862655,0.117639394,0.143298153,0.142536408,0.114291728,0.099317437,0.062984234
Reading West,310000,580,0.821417661,0.63802555,0.547,0.145470258,0.11706755,0.116232176,0.145585482,0.134149503,0.135052091,0.096212012,0.067684478,0.04254645
Banbury,309995,620,0.88825385,0.677487245,0.625,0.129851346,0.117324227,0.103198072,0.144178385,0.139686621,0.140152672,0.10181599,0.078400964,0.045391724
Barking,308995,590,0.663927792,0.429535996,0.625,0.187589265,0.140969069,0.139789531,0.172752659,0.13988901,0.102904081,0.059730127,0.033673694,0.022702564
Canterbury,305000,620,0.867121157,0.629695844,0.639,0.090859866,0.132337015,0.230369371,0.098065677,0.099848386,0.112527282,0.09833225,0.084537079,0.053123074
Southend West,305000,620,0.918489267,0.732536137,0.77,0.122068713,0.108058884,0.096646263,0.130431503,0.142566169,0.138093801,0.109233555,0.092249332,0.06065178
Witham,305000,700,0.947155345,0.732420812,0.615,0.116258173,0.111094271,0.099164249,0.117308275,0.133850084,0.143160265,0.122396397,0.102671805,0.054096479
Aldershot,300000,640,0.831046362,0.65426048,0.512,0.13021657,0.108654274,0.127612428,0.152706887,0.14443045,0.136797947,0.09090823,0.070084564,0.03858865
Castle Point,300000,610,0.964243106,0.82604281,0.623,0.104563118,0.106439436,0.107527479,0.103963584,0.12076163,0.141556567,0.128322416,0.122238259,0.064627512
Maidstone and The Weald,300000,600,0.890212698,0.687121783,0.725,0.12334042,0.1160588,0.116305171,0.13482859,0.132894125,0.136078693,0.102280297,0.08502523,0.053188674
North West Hampshire,300000,640,0.919414572,0.68845857,0.659,0.123731449,0.112975793,0.098061406,0.116950509,0.138323811,0.151821285,0.112009716,0.093810667,0.052315364
Thornbury and Yate,300000,590,0.953090707,0.794085039,0.62,0.111401039,0.113174941,0.098709057,0.114307949,0.127080043,0.152887455,0.118038866,0.107464121,0.056936529
Worthing West,300000,550,0.914963473,0.715177138,0.645,0.101002894,0.090953855,0.08953694,0.109564676,0.122085779,0.139842431,0.126276228,0.128004663,0.092732535
Bristol West,299225,650,0.771027813,0.400483541,0.773,0.097343763,0.102324207,0.352282,0.167119221,0.096900588,0.078885168,0.053054391,0.032773854,0.019316807
Crawley,295750,570,0.797386418,0.590446322,0.601,0.144955891,0.116560544,0.120758039,0.167232854,0.140989613,0.126298378,0.088743241,0.055545674,0.038915766
Gravesham,295000,620,0.859408179,0.645519527,0.676,0.13525403,0.122573671,0.114142031,0.133825257,0.13314847,0.135517225,0.098575927,0.077736523,0.049226865
North East Somerset,295000,570,0.952706036,0.768337289,0.666,0.118045089,0.117012194,0.116854098,0.106872965,0.122577177,0.140810928,0.116601145,0.099958895,0.061267509
North Wiltshire,295000,650,0.931553869,0.724600728,0.741,0.11765883,0.115710313,0.089558055,0.110128075,0.137923407,0.156723964,0.122177283,0.097436384,0.052683687
South Northamptonshire,294950,650,0.925498793,0.759653126,0.669,0.129859096,0.121177708,0.093989485,0.122136698,0.146380652,0.150662461,0.108618297,0.083886435,0.043289169
Basingstoke,292975,640,0.870272973,0.643183242,0.569,0.137992566,0.112732084,0.119321397,0.157908481,0.144982286,0.134423718,0.089586797,0.066371874,0.036680797
East Devon,292250,590,0.946613308,0.745838038,0.672,0.104871696,0.103085125,0.092929882,0.104551994,0.116409181,0.135149367,0.135299815,0.123687106,0.084015835
Eastleigh,290000,610,0.930293072,0.711697974,0.64,0.123487232,0.110659862,0.114367561,0.135553118,0.133685671,0.140575283,0.10964455,0.081514989,0.050511735
Salisbury,290000,560,0.917156659,0.652043533,0.718,0.114968603,0.111308167,0.08976831,0.117577307,0.131105451,0.149170473,0.120825299,0.098821443,0.066454946
"Sheffield, Hallam",290000,670,0.925679305,0.773213943,0.757,0.100329732,0.131534991,0.144019263,0.103171504,0.126144301,0.131806152,0.107965638,0.093962862,0.061065556
Warwick and Leamington,290000,630,0.873378629,0.617109455,0.637,0.115767366,0.104863878,0.179990971,0.130086168,0.131725126,0.123324239,0.093773922,0.073036685,0.047431645
West Dorset,290000,540,0.943557511,0.692349062,0.696,0.088842306,0.102857779,0.075069875,0.084396646,0.11237696,0.153167659,0.1549601,0.140266132,0.088062543
Sutton Coldfield,289500,710,0.925851935,0.794118384,0.776,0.116489221,0.112113989,0.105355157,0.107622226,0.128036443,0.145071243,0.118088882,0.09920017,0.068022671
Bristol North West,288250,570,0.865815552,0.606965054,0.548,0.132912463,0.127999173,0.149559401,0.140578321,0.119403266,0.111286474,0.091445428,0.074103301,0.052712173
New Forest East,288000,570,0.944350595,0.751253374,0.632,0.10489884,0.104621104,0.098446814,0.103488794,0.121808704,0.151643985,0.131561519,0.110560386,0.072969855
Bexhill and Battle,285000,540,0.937663189,0.750005607,0.697,0.093717904,0.099899177,0.085708632,0.086226879,0.111875395,0.148793427,0.145787594,0.138814816,0.089176176
Bromsgrove,285000,690,0.960090562,0.79488117,0.673,0.111147149,0.109383552,0.098791835,0.11223166,0.134225943,0.148415803,0.120127303,0.100302041,0.065374714
Cheadle,285000,660,0.915175285,0.837215493,0.737,0.116662759,0.11719566,0.08916505,0.114051542,0.135122461,0.143339799,0.117909748,0.09932215,0.067230832
Daventry,285000,610,0.943740011,0.728848513,0.662,0.112529163,0.113962592,0.098610068,0.107922417,0.134277749,0.157262051,0.12709083,0.099074697,0.049270434
Harlow,285000,540,0.890639411,0.587838881,0.584,0.144748219,0.1135484,0.118067279,0.146384897,0.128237329,0.133198831,0.097943344,0.070583028,0.047288673
Milton Keynes North,285000,650,0.805284159,0.582310796,0.613,0.146407632,0.11860013,0.113573679,0.16571463,0.143189799,0.120981477,0.099534281,0.060023512,0.03197486
Fareham,284995,670,0.942740811,0.798831015,0.697,0.105736243,0.10988257,0.103530749,0.115910918,0.131251348,0.150865534,0.117969378,0.101815366,0.063037895
Ashford,284000,610,0.905082345,0.678441139,0.611,0.131531997,0.121586166,0.108330441,0.120722364,0.134341371,0.140864286,0.104528098,0.089036175,0.049059102
North Dorset,284000,550,0.938161973,0.719408698,0.666,0.101017066,0.113753207,0.085766146,0.100094304,0.120151698,0.150927325,0.138160763,0.11981707,0.070312421
Milton Keynes South,283000,630,0.823496532,0.572442614,0.597,0.153448263,0.128380019,0.103164618,0.151262977,0.149349933,0.129115805,0.091796717,0.06091576,0.032565908
Braintree,280000,560,0.940014309,0.692254478,0.619,0.117461639,0.114805123,0.100947623,0.117164268,0.135948218,0.149300186,0.117689624,0.094038698,0.052644622
Huntingdon,280000,600,0.889059504,0.697189483,0.613,0.120529205,0.105799432,0.111114814,0.135134009,0.137575086,0.141299186,0.108015563,0.090436478,0.050096227
Poole,280000,570,0.911845614,0.678791469,0.732,0.112991835,0.101265695,0.105666791,0.129291069,0.129341657,0.139054422,0.113801232,0.098675624,0.069911675
Rushcliffe,280000,680,0.930983646,0.7640538,0.779,0.113487796,0.112588209,0.110809028,0.116436439,0.138516283,0.143014213,0.112698159,0.093387042,0.059062831
South West Bedfordshire,280000,620,0.909997942,0.711794216,0.574,0.133276086,0.11001142,0.109418295,0.149688831,0.131142607,0.137392551,0.103150645,0.079726631,0.046192934
Thurrock,280000,620,0.85275472,0.615865615,0.582,0.160459137,0.126747552,0.122051487,0.16355392,0.145939829,0.122397918,0.077723717,0.052326477,0.028799963
Suffolk Coastal,279995,600,0.9412395,0.709686913,0.651,0.092655192,0.099735575,0.085516694,0.090272464,0.110302878,0.150780198,0.153007952,0.133084083,0.084644964
Stevenage,279000,580,0.887230338,0.597752694,0.63,0.134323799,0.110556704,0.123631661,0.146818325,0.128641691,0.141910125,0.097278087,0.069407248,0.04743236
South Suffolk,277250,620,0.950159125,0.719588153,0.642,0.099112209,0.111748571,0.087711217,0.09542704,0.126028602,0.150317218,0.136005779,0.12265751,0.070991855
Meriden,275000,580,0.943082044,0.68680819,0.623,0.126732409,0.12159737,0.111842573,0.112109097,0.12913113,0.142439588,0.10905295,0.095202559,0.051892324
Somerton and Frome,275000,580,0.941975919,0.724168525,0.64,0.106760608,0.113574127,0.081585861,0.096001931,0.121891448,0.157472129,0.143575891,0.115737002,0.063401004
South Basildon and East Thurrock,275000,640,0.935398303,0.662480059,0.595,0.132774435,0.115889141,0.122270441,0.133454976,0.127931749,0.136039057,0.108866752,0.080106519,0.04266693
West Worcestershire,275000,530,0.951777259,0.718630509,0.675,0.094047631,0.104371579,0.084056044,0.086548748,0.117904883,0.158037411,0.146456726,0.128623508,0.07995347
Devizes,274000,540,0.909912603,0.596998758,0.614,0.127278194,0.120313879,0.125260677,0.120633966,0.120604867,0.138617031,0.110720972,0.087228532,0.049341882
Solihull,272725,720,0.906422984,0.795533862,0.723,0.115516517,0.113963009,0.104729895,0.118271796,0.128950942,0.14223881,0.110191599,0.094558813,0.071578618
Bognor Regis and Littlehampton,270000,460,0.901882499,0.703078976,0.577,0.111254115,0.094531957,0.106674874,0.11341783,0.116738013,0.137414547,0.1279856,0.11723231,0.074750753
Bury St Edmunds,270000,560,0.927312233,0.693252942,0.668,0.10574292,0.106666328,0.108868952,0.121796664,0.124990469,0.141145873,0.120034564,0.10522615,0.065528079
Cheltenham,270000,620,0.88545491,0.629928257,0.688,0.110022288,0.118279368,0.141733987,0.13690952,0.125219828,0.130721413,0.10029812,0.08009743,0.056718046
Derbyshire Dales,270000,590,0.966964524,0.729053319,0.708,0.086594473,0.103609659,0.085524023,0.084889221,0.124184715,0.169156087,0.151369181,0.125342295,0.069330346
Filton and Bradley Stoke,270000,630,0.897475472,0.712454357,0.65,0.122471639,0.116649771,0.155375332,0.144880521,0.132367849,0.12604393,0.085947381,0.070953415,0.045310162
Harwich and North Essex,270000,610,0.935527037,0.762484264,0.509,0.10275827,0.116222861,0.112509206,0.095517681,0.120465555,0.144874016,0.130289105,0.11466686,0.062696445
Chippenham,269972.5,570,0.931095333,0.717435961,0.708,0.114553256,0.115746311,0.090531761,0.115134745,0.140539782,0.151547963,0.116658646,0.095614774,0.059672762
Central Suffolk and North Ipswich,265000,630,0.945368171,0.747079038,0.722,0.106970081,0.119138038,0.086206051,0.100758535,0.130923293,0.149126164,0.132885867,0.11035552,0.063636453
Mid Worcestershire,265000,570,0.94019311,0.722840207,0.626,0.108671481,0.105567963,0.096054374,0.109406271,0.127601976,0.15081552,0.131836683,0.107791668,0.062254063
North Thanet,265000,560,0.938773328,0.669670923,0.434,0.116008065,0.107540323,0.108941532,0.106330645,0.112429435,0.13922379,0.130594758,0.112741935,0.066189516
Stroud,265000,540,0.94555983,0.729063923,0.762,0.109475238,0.112493613,0.093219537,0.107951857,0.138268077,0.155195579,0.128086975,0.099880779,0.055428344
Tewkesbury,265000,610,0.93259217,0.752194752,0.603,0.119152668,0.102898283,0.097793982,0.123684696,0.126970648,0.146169466,0.120398745,0.101947572,0.060983939
Truro and Falmouth,264995,530,0.946801958,0.670213849,0.714,0.102382606,0.104900975,0.141422516,0.105097885,0.117254459,0.136147413,0.12583557,0.108383165,0.058575411
Totnes,264200,520,0.950035628,0.702952913,0.611,0.094598348,0.100106459,0.077263996,0.088025643,0.109479507,0.153312967,0.159330232,0.139438543,0.078444306
North Herefordshire,262500,530,0.942629528,0.70096753,0.673,0.097285343,0.101243987,0.088815171,0.099773318,0.116050202,0.150992425,0.150373196,0.123713164,0.071753193
"Manchester, Withington",262000,620,0.822118292,0.470001223,0.613,0.113292244,0.092148931,0.256060041,0.180747077,0.113756267,0.099795225,0.070985444,0.044364641,0.028850131
Harrogate and Knaresborough,260000,640,0.904424971,0.712142906,0.771,0.109544972,0.111641387,0.08436866,0.116481499,0.136923969,0.154429524,0.119524684,0.096666989,0.070418317
Havant,259250,590,0.948789116,0.666820608,0.537,0.113448746,0.112678402,0.109857278,0.11017999,0.116446841,0.146094669,0.122828203,0.102486961,0.065978909
Luton North,259000,620,0.729158034,0.674988224,0.586,0.15944017,0.134649411,0.112413272,0.146339039,0.126329496,0.12592195,0.0843522,0.064024572,0.04652989
Rochester and Strood,256500,630,0.907153917,0.681025978,0.697,0.130895236,0.116512407,0.130859876,0.137489944,0.131805766,0.136632456,0.09943335,0.076484472,0.039886493
Broadland,255250,570,0.959606253,0.759564057,0.705,0.101250378,0.104699002,0.088202077,0.102934355,0.127911667,0.149984874,0.13534335,0.121044671,0.068629626
Bournemouth East,255000,550,0.84136385,0.578766003,0.734,0.123076348,0.103846837,0.125374919,0.147005784,0.138353438,0.13110266,0.100174729,0.076600357,0.054464928
Folkestone and Hythe,255000,560,0.909501261,0.654862419,0.534,0.106502356,0.102883344,0.101383192,0.108078788,0.123521036,0.147989626,0.131682883,0.113689528,0.064269248
Rochford and Southend East,255000,610,0.896106232,0.584415584,0.639,0.127853062,0.112233817,0.120761131,0.134113981,0.133377402,0.138014071,0.101628972,0.081288068,0.050729496
York Outer,255000,650,0.936376638,0.815390645,0.749,0.09806597,0.129366039,0.113044107,0.098985952,0.123153575,0.137573521,0.119463309,0.108526891,0.071820634
Central Devon,254150,520,0.950655601,0.733806122,0.652,0.103500292,0.106708451,0.083114676,0.098921761,0.124725129,0.156955436,0.141445796,0.117841398,0.066787061
South Norfolk,254000,600,0.951595328,0.746670485,0.714,0.113438681,0.103656815,0.091151692,0.114486088,0.130452206,0.141973678,0.126763514,0.111926773,0.066150553
Kingswood,253000,560,0.955178346,0.746966591,0.594,0.124701443,0.107567809,0.118604879,0.138192407,0.13047082,0.140439083,0.102758177,0.082799839,0.054465542
Bedford,250000,540,0.772980033,0.592109109,0.582,0.135189817,0.119369433,0.12391229,0.144116297,0.133962777,0.129448019,0.095484306,0.068742331,0.04977473
Bristol South,250000,570,0.916844409,0.566737197,0.556,0.138488607,0.104284332,0.170502331,0.170519926,0.117410047,0.111550981,0.085765813,0.059919064,0.041558899
Chatham and Aylesford,250000,600,0.903804443,0.663433064,0.539,0.137685837,0.121723396,0.1282277,0.140502739,0.133822379,0.134565728,0.095608372,0.071811424,0.036052426
Colchester,250000,580,0.867130099,0.587460705,0.677,0.135733557,0.110885826,0.178368903,0.152349872,0.129295442,0.113987754,0.080116969,0.061578106,0.037683571
North Norfolk,250000,500,0.959702286,0.707010341,0.607,0.08209579,0.087774941,0.081775193,0.084591868,0.101136975,0.147051078,0.165897615,0.152020335,0.097656205
South Thanet,248500,520,0.909658385,0.632780181,0.6,0.114276994,0.117230651,0.102954642,0.108596127,0.117368488,0.138516673,0.129025589,0.109876045,0.062154791
Bournemouth West,248000,530,0.869725568,0.572661082,0.612,0.104255865,0.106838053,0.182167709,0.138754664,0.113977045,0.118353475,0.095816285,0.081842088,0.057994817
Bristol East,245000,580,0.872913346,0.625286013,0.535,0.132666884,0.103606142,0.163665668,0.164506145,0.125933177,0.11715266,0.085906677,0.06500351,0.041559135
Eastbourne,245000,540,0.8850934,0.636897646,0.593,0.107865899,0.104559457,0.103692194,0.111642109,0.119447481,0.136639173,0.12143496,0.111940231,0.082778495
Gillingham and Rainham,245000,600,0.89780431,0.704869254,0.61,0.131927301,0.120944698,0.132899213,0.132014773,0.124190883,0.133132472,0.10341141,0.078316649,0.043162601
Leeds North East,245000,630,0.818878219,0.640268491,0.645,0.134282566,0.114167189,0.128394875,0.148477843,0.135103602,0.125056716,0.096990256,0.066709159,0.050817795
Wells,245000,570,0.942566227,0.717587232,0.679,0.10087654,0.116676592,0.091301597,0.093851193,0.121198869,0.153552685,0.135258868,0.115634421,0.071649235
Rutland and Melton,244475,560,0.941739492,0.725275775,0.721,0.102580756,0.11469178,0.094720052,0.1014155,0.127203958,0.157605685,0.131607099,0.108473896,0.061701274
Lichfield,243500,680,0.963918912,0.758683162,0.699,0.105030123,0.109634069,0.097108016,0.107477265,0.13323448,0.14758552,0.122927446,0.118945655,0.058057425
Eddisbury,242997.5,640,0.967465813,0.741254218,0.652,0.113511788,0.114326282,0.091674555,0.09826755,0.128932133,0.156272701,0.13006582,0.10801946,0.058929711
Newton Abbot,240500,520,0.955495397,0.729149397,0.599,0.100059883,0.098383146,0.09430018,0.105373183,0.116043334,0.153116664,0.140998421,0.119298819,0.072426371
Exeter,240000,550,0.884856318,0.58022779,0.607,0.098942435,0.114429754,0.245254793,0.130755861,0.105886219,0.107537854,0.084363083,0.066151864,0.046678139
Harborough,240000,580,0.889342552,0.786113348,0.679,0.113255026,0.122559928,0.104222416,0.11365877,0.13043764,0.142287072,0.113245636,0.095086523,0.065246988
North Cornwall,240000,520,0.954557913,0.684477556,0.574,0.108973948,0.105148426,0.092079673,0.100927529,0.118121006,0.147282597,0.14071082,0.11765083,0.06910517
Sittingbourne and Sheppey,240000,590,0.943536377,0.681512241,0.569,0.133234449,0.11900512,0.121804058,0.124217513,0.121812438,0.138773663,0.109753543,0.087521264,0.043877953
South Dorset,240000,510,0.944553745,0.671350061,0.49,0.097448043,0.102462339,0.098610933,0.100264584,0.116235651,0.149127299,0.144593095,0.12238083,0.068877224
St Ives,240000,450,0.954635758,0.667629369,0.633,0.09776098,0.104140182,0.088381149,0.09533299,0.117253622,0.152734353,0.149894062,0.124938441,0.069564221
Tiverton and Honiton,240000,510,0.951558827,0.71311418,0.728,0.102192187,0.10535297,0.086524011,0.097984274,0.117879755,0.146229845,0.140305801,0.126983973,0.076547184
Macclesfield,239950,640,0.948460351,0.745108098,0.751,0.106945114,0.104621151,0.085858099,0.108187416,0.13339759,0.159732262,0.127689424,0.10768407,0.065884873
North Devon,239950,480,0.955309768,0.684557886,0.61,0.107668297,0.104942254,0.09673291,0.103652065,0.120008324,0.148579752,0.132858183,0.117022162,0.068536052
Dover,237500,610,0.925414874,0.658897302,0.572,0.111245489,0.106368868,0.108758412,0.11221106,0.119847849,0.147498293,0.130371599,0.104905881,0.058792549
Luton South,236000,540,0.66905972,0.549845459,0.53,0.16025919,0.122940156,0.152178264,0.182475482,0.125258523,0.106252919,0.074229435,0.046400694,0.030005337
Hastings and Rye,235000,500,0.918219366,0.585059547,0.488,0.112569987,0.106872619,0.109806272,0.113866877,0.122757276,0.149258537,0.126853657,0.10060283,0.057411946
North Swindon,235000,570,0.907142924,0.690543589,0.6,0.135562617,0.115948699,0.10588506,0.136837167,0.146883104,0.140058948,0.099724732,0.075543675,0.043555996
South West Wiltshire,235000,530,0.917460252,0.683603994,0.624,0.112850449,0.111107884,0.096838213,0.116277494,0.130208333,0.144700666,0.122202215,0.10515412,0.060660626
West Suffolk,235000,530,0.84224033,0.62059026,0.578,0.135592519,0.105856955,0.131829047,0.138065658,0.112201093,0.129322823,0.106047196,0.089339035,0.051745672
Mid Norfolk,233500,550,0.942708333,0.722393628,0.695,0.106858099,0.108792986,0.098735313,0.105399923,0.121748315,0.142919903,0.128599871,0.117055981,0.069889609
Hexham,232500,580,0.965278871,0.707193671,0.738,0.091589728,0.105593917,0.08195619,0.093775054,0.119649831,0.165050301,0.148705615,0.120024827,0.073654537
Westmorland and Lonsdale,230650,530,0.948426459,0.721065646,0.7,0.084882448,0.103365866,0.085412227,0.092110995,0.119906759,0.156908913,0.148244075,0.129301515,0.079867202
Charnwood,230000,580,0.923354583,0.81616291,0.658,0.11414869,0.111032367,0.109236355,0.119235773,0.128943945,0.144117818,0.118099917,0.095712871,0.059472264
Ludlow,230000,610,0.96478782,0.692155962,0.633,0.087490619,0.097396525,0.081544767,0.09068868,0.116827339,0.159729839,0.154511343,0.136177336,0.075633551
Rugby,230000,600,0.882298108,0.692360701,0.737,0.127184241,0.116202566,0.105733692,0.136840374,0.136153414,0.135166515,0.101428101,0.089440176,0.05185092
Leeds North West,229997.5,600,0.913563751,0.601795875,0.631,0.089567135,0.109121504,0.278565626,0.105790878,0.098619009,0.103319021,0.093872577,0.072948822,0.048195428
South West Devon,229995,570,0.958705319,0.786712911,0.689,0.109088081,0.111043224,0.090403137,0.105277775,0.123107344,0.150101645,0.128950555,0.114453615,0.067574623
Elmet and Rothwell,228645,630,0.964817361,0.766214428,0.695,0.112802381,0.106220411,0.101006772,0.108567548,0.129601886,0.141836959,0.120173388,0.114450371,0.065340285
Skipton and Ripon,228500,560,0.943414664,0.713614475,0.743,0.096771619,0.109072589,0.082634981,0.093120236,0.124975059,0.159603336,0.142324115,0.120745042,0.070753023
Forest of Dean,227500,570,0.961296088,0.746583747,0.64,0.10269188,0.109732352,0.10030472,0.094408325,0.120480072,0.157189532,0.142052518,0.11387963,0.05926097
Clacton,225000,470,0.957016835,0.734507203,0.439,0.098597479,0.094830833,0.095008087,0.080816697,0.09791062,0.138346664,0.150477478,0.154089026,0.089923116
Congleton,225000,630,0.966670291,0.783326195,0.74,0.105911997,0.106869911,0.08694113,0.100049978,0.132192166,0.153984715,0.132691947,0.117229962,0.064128194
Portsmouth North,225000,570,0.923900436,0.675653842,0.533,0.131599535,0.121579876,0.132090989,0.13208096,0.127417155,0.139051593,0.096796518,0.07422972,0.045153655
South Leicestershire,225000,580,0.9446891,0.795587628,0.674,0.117139276,0.114829224,0.104167446,0.122058658,0.135479406,0.149545472,0.115044331,0.092682653,0.049053533
Taunton Deane,225000,540,0.929184024,0.669260452,0.654,0.11353264,0.109305003,0.103698972,0.116230595,0.123072139,0.142151136,0.125038872,0.099748695,0.067221947
Torridge and West Devon,225000,500,0.961598222,0.724322913,0.537,0.096667452,0.101095794,0.083676996,0.092779152,0.113536389,0.158281293,0.156867366,0.127076706,0.070018852
Hazel Grove,224400,640,0.959847423,0.770866326,0.584,0.112830038,0.107407315,0.091787379,0.111658231,0.12616869,0.145254182,0.124111795,0.11188262,0.068899748
South Swindon,222747.5,590,0.833292411,0.618353345,0.622,0.130807687,0.111929551,0.117910379,0.15075907,0.140384351,0.142503325,0.099811952,0.065669862,0.040223822
York Central,220000,520,0.882453837,0.53049777,0.64,0.098389777,0.106458569,0.25493142,0.142622313,0.110762514,0.110161553,0.081182834,0.058355133,0.037135888
Thirsk and Malton,219950,530,0.957420912,0.688007577,0.699,0.09642615,0.100582704,0.088682972,0.096347539,0.116432635,0.160140321,0.14710073,0.123694321,0.070592628
Selby and Ainsty,219722.5,600,0.954279235,0.752807852,0.68,0.113224629,0.116008761,0.09902166,0.114383062,0.132986128,0.157313215,0.123407155,0.09397907,0.04967632
Gosport,218000,580,0.940795665,0.679771351,0.563,0.111561785,0.11383077,0.114382957,0.11755552,0.123378579,0.142444079,0.118318541,0.098239027,0.060288743
"Southampton, Itchen",217500,540,0.878955719,0.528566572,0.52,0.128576865,0.110119425,0.209501459,0.138888385,0.107709175,0.117033037,0.083117377,0.064614632,0.040439644
North West Cambridgeshire,215000,560,0.894003726,0.675145548,0.633,0.140792933,0.111491796,0.108631695,0.139571432,0.135623897,0.138156278,0.105354496,0.077371686,0.043005787
Redditch,215000,540,0.923135252,0.667270221,0.617,0.1254822,0.113270142,0.113093795,0.1362945,0.129813733,0.132007054,0.122021382,0.085848121,0.042169073
Richmond (Yorks),215000,540,0.938062087,0.669988876,0.607,0.100991224,0.10273182,0.106432877,0.110875978,0.118690339,0.152631965,0.133934297,0.111443962,0.062267539
Shrewsbury and Atcham,214950,520,0.944023363,0.687691885,0.639,0.105476843,0.113355321,0.105699819,0.117201654,0.125042969,0.149124355,0.123101222,0.101686254,0.059311562
St Austell and Newquay,213000,490,0.958960273,0.686613835,0.6,0.113410211,0.105040454,0.099851204,0.111903655,0.127359807,0.142918255,0.128922161,0.106928299,0.063665954
Weston-Super-Mare,212500,510,0.93495896,0.671703832,0.609,0.115202506,0.107639293,0.105643321,0.119131797,0.125737301,0.138026404,0.118970687,0.104891475,0.064757216
South West Norfolk,212000,520,0.902933426,0.681231658,0.512,0.117044623,0.100685808,0.105852231,0.115956474,0.115718727,0.142849305,0.127167154,0.11023226,0.064493416
Stone,212000,570,0.968082707,0.786126845,0.683,0.093585064,0.102955195,0.094863866,0.097107582,0.127577949,0.159908391,0.139354554,0.122323235,0.062324165
Stretford and Urmston,212000,630,0.868272084,0.643467435,0.679,0.132528692,0.124399976,0.111935286,0.141299409,0.136489343,0.141724117,0.097021117,0.068921241,0.045680817
North West Norfolk,211500,520,0.916530003,0.676926055,0.54,0.110047505,0.102058538,0.096133218,0.111692292,0.114379118,0.138560556,0.134433264,0.122429381,0.070266129
South Staffordshire,211500,640,0.972035663,0.756850205,0.613,0.095866784,0.100702215,0.112272345,0.10477794,0.123205963,0.158542595,0.128554709,0.112826725,0.063250724
City of Chester,210000,600,0.924856175,0.636026632,0.649,0.109588334,0.104562483,0.147349302,0.128690699,0.12505805,0.129660781,0.108463452,0.088133004,0.058493896
Grantham and Stamford,210000,530,0.924840264,0.671251505,0.744,0.116445545,0.111942374,0.097526844,0.115853494,0.131085336,0.14715143,0.121720175,0.100854885,0.057419916
Hereford and South Herefordshire,210000,520,0.924968203,0.655795452,0.625,0.111102368,0.103292942,0.114928397,0.125737666,0.118931466,0.145536628,0.123406641,0.096860493,0.060203399
Newark,210000,560,0.942539192,0.726008011,0.737,0.107498379,0.108776078,0.102330371,0.110807048,0.129295549,0.149166635,0.127779473,0.107851177,0.05649529
North West Leicestershire,210000,600,0.9609706,0.724800654,0.643,0.113222882,0.111362435,0.111323267,0.119078393,0.137790572,0.148561581,0.117864207,0.094128821,0.046667842
Norwich South,210000,570,0.864797766,0.4499649,0.621,0.100052776,0.112344672,0.238113515,0.134644725,0.105800509,0.104601065,0.087540181,0.069385405,0.047517152
South Derbyshire,210000,620,0.961209585,0.754411161,0.685,0.116945633,0.116093901,0.111519432,0.128841166,0.139186357,0.147273023,0.112380734,0.084761659,0.042998096
Corby,209995,550,0.898954577,0.662997648,0.563,0.13085115,0.121014552,0.104674417,0.133867165,0.131891716,0.146012519,0.110543858,0.079375661,0.041768962
"Birmingham, Edgbaston",207250,540,0.802688261,0.514744768,0.67,0.125519574,0.141645254,0.191599909,0.13770594,0.117716521,0.104141475,0.079740402,0.062339404,0.039591521
Norwich North,207000,490,0.926824801,0.648409803,0.649,0.117177469,0.101747334,0.127092056,0.138234802,0.12545079,0.130888182,0.104594429,0.091665271,0.063149668
Tamworth,206250,550,0.960905868,0.701924565,0.53,0.117137204,0.113379183,0.116687079,0.123103979,0.131426059,0.138533848,0.118424772,0.094882182,0.046425693
Bridgwater and West Somerset,206000,540,0.947937999,0.681441528,0.571,0.110259071,0.10259071,0.103311817,0.105527903,0.11149023,0.148468966,0.138030498,0.112932445,0.06738836
Isle of Wight,205000,510,0.947947781,0.700941311,0.545,0.095331289,0.100128587,0.094101937,0.095635094,0.113912871,0.15046136,0.147091241,0.130148794,0.073188826
Kettering,205000,550,0.915228671,0.69423944,0.662,0.131287895,0.116919795,0.107123813,0.130389272,0.139148381,0.136975885,0.107617562,0.085290226,0.045247171
Portsmouth South,205000,520,0.836385428,0.439000458,0.649,0.110899341,0.117830008,0.263703229,0.140380667,0.107035494,0.10185482,0.070320283,0.053565395,0.034410763
Warrington South,205000,640,0.939326263,0.751016851,0.682,0.119156078,0.115932763,0.108029871,0.127005692,0.144187822,0.146860598,0.102639921,0.087668824,0.04851843
Wirral West,205000,660,0.959427242,0.786129472,0.757,0.10635609,0.108122469,0.08590631,0.097696528,0.122253497,0.150343223,0.138208346,0.1126174,0.078496137
Yeovil,205000,570,0.939203806,0.688606387,0.592,0.114768947,0.102510066,0.109702182,0.114544753,0.120813193,0.138058129,0.126229699,0.108410829,0.064962201
Mid Derbyshire,200500,680,0.959409682,0.806875884,0.748,0.105723738,0.10698066,0.094719742,0.108261297,0.130435298,0.156901806,0.121624987,0.107182242,0.06817023
Bosworth,200000,570,0.960053723,0.760410792,0.709,0.111408875,0.106977141,0.104410901,0.119600008,0.132809985,0.147393042,0.124287419,0.100017045,0.053095585
Haltemprice and Howden,200000,700,0.96101402,0.824257694,0.765,0.097001626,0.111982357,0.082600076,0.096912521,0.134770889,0.15587757,0.134937961,0.114287942,0.071629057
Penrith and The Border,200000,560,0.967635564,0.718376955,0.695,0.092444907,0.103094405,0.0874227,0.092759551,0.123159028,0.164909903,0.148778333,0.118354652,0.069076519
Pudsey,200000,590,0.945799336,0.729415429,0.714,0.132124239,0.107553384,0.116005409,0.138656837,0.132113333,0.132156957,0.104892359,0.083495103,0.053002377
"Southampton, Test",200000,560,0.790005191,0.463350309,0.611,0.126495438,0.11028968,0.232862366,0.14942845,0.115783308,0.101459051,0.078401789,0.052389151,0.032890766
Northampton North,199995,500,0.847630871,0.659919028,0.527,0.138388895,0.119899875,0.124303106,0.137956537,0.128365002,0.125429514,0.101615656,0.077642508,0.046398908
Fylde,199972.5,610,0.950655566,0.738414503,0.647,0.095920605,0.101425106,0.08765219,0.102113169,0.119093157,0.160341932,0.137087745,0.121448897,0.074917199
Aldridge-Brownhills,199950,580,0.961220672,0.755941669,0.598,0.108691724,0.108975683,0.105516547,0.108962776,0.125832516,0.149439827,0.114293459,0.110550364,0.067737106
North Shropshire,199950,540,0.951998696,0.70111199,0.617,0.102241011,0.111914178,0.10367744,0.109486795,0.126623937,0.152370562,0.129178599,0.10443202,0.060075458
Wellingborough,199950,520,0.894083403,0.681159744,0.618,0.130387798,0.117499253,0.104856706,0.126987753,0.136151183,0.138593594,0.110778233,0.087724693,0.047020787
Wyre and Preston North,199950,560,0.948623169,0.834742158,0.734,0.100606343,0.10669194,0.096981588,0.099586534,0.120714309,0.153603139,0.131588574,0.117133894,0.073093678
Loughborough,198000,620,0.878933624,0.668960735,0.662,0.101965061,0.125749271,0.207972064,0.119874251,0.113678441,0.117628728,0.097822301,0.072754936,0.042554947
Sefton Central,198000,590,0.970433145,0.85504018,0.675,0.09269673,0.102828503,0.090058872,0.091821441,0.117432645,0.153859066,0.142480306,0.122960156,0.08586228
Tynemouth,198000,610,0.959892263,0.702362312,0.697,0.11478247,0.110187193,0.090871113,0.126718256,0.139429867,0.144800971,0.120541487,0.093924685,0.058743958
Sleaford and North Hykeham,197997.5,590,0.949890146,0.750726346,0.687,0.106235877,0.107837847,0.090410104,0.108453341,0.126707362,0.153114566,0.128081684,0.118638494,0.060520724
Worcester,197500,540,0.918313624,0.64404643,0.665,0.11676203,0.115319312,0.159670628,0.129098743,0.12864728,0.129991854,0.09864463,0.075276521,0.046589002
Coventry South,195000,580,0.773037688,0.587703089,0.643,0.101308851,0.133910985,0.279989199,0.125778321,0.094534278,0.093390622,0.074385285,0.058683843,0.038018616
South East Cornwall,195000,510,0.959861969,0.711538957,0.592,0.098367916,0.104114534,0.084294794,0.09083863,0.119073455,0.16016343,0.156044467,0.126115552,0.060987222
The Wrekin,194995,610,0.922698671,0.670716554,0.662,0.114902673,0.120923955,0.126197768,0.117767973,0.130184272,0.141468985,0.110044121,0.089509473,0.049000779
Stafford,192975,600,0.931027243,0.69351236,0.664,0.105942708,0.10731885,0.121889767,0.124318253,0.129853178,0.140993858,0.115818552,0.099588169,0.054276665
Weaver Vale,191950,590,0.962340771,0.697679427,0.689,0.115514661,0.118585444,0.100703952,0.115525747,0.136544537,0.14612272,0.12748739,0.092766476,0.046749072
"Birmingham, Hall Green",190000,550,0.682055839,0.582687799,0.675,0.15122406,0.151473783,0.159390009,0.150158574,0.127134093,0.1025863,0.076764919,0.047131096,0.034137165
Camborne and Redruth,190000,480,0.958413315,0.70158774,0.572,0.114597001,0.113940932,0.110488503,0.109703371,0.122416055,0.13975349,0.125933016,0.107487793,0.055679838
Ipswich,190000,520,0.870884288,0.547441241,0.598,0.132942129,0.112487463,0.137798462,0.15352876,0.129282283,0.123115092,0.097065085,0.066800978,0.046979748
Leicester East,190000,420,0.567250276,0.581727618,0.595,0.146139201,0.134210346,0.140170486,0.142683178,0.122864641,0.117196076,0.101030804,0.057354555,0.038350714
North East Cambridgeshire,190000,530,0.914955151,0.698244361,0.526,0.118017868,0.104049428,0.111305001,0.119946564,0.122935627,0.140435835,0.122584954,0.100267179,0.060457544
High Peak,189995,550,0.964144259,0.720459097,0.638,0.104249574,0.108283363,0.109248436,0.111731601,0.129254725,0.161806964,0.128278809,0.097060322,0.050086206
Gloucester,189725,550,0.891517173,0.654896219,0.714,0.13411594,0.116415571,0.129405291,0.14158628,0.129063456,0.135875139,0.097281163,0.072569013,0.043688147
Wirral South,188497.5,600,0.963629826,0.789633164,0.713,0.106755926,0.108299747,0.093776897,0.108040167,0.124216135,0.146744996,0.127180818,0.114379397,0.070605916
South Holland and The Deepings,188000,520,0.911019452,0.731640852,0.591,0.112501619,0.101938694,0.099034353,0.11430527,0.123332778,0.143644671,0.129317202,0.110707216,0.065218196
Ribble Valley,187247.5,600,0.964014898,0.786468412,0.697,0.104047913,0.113843823,0.101078248,0.104257185,0.133226372,0.156076853,0.125802208,0.103290549,0.058376849
Northampton South,187000,570,0.807445388,0.556302355,0.802,0.144444554,0.111158135,0.143293013,0.162190093,0.130507957,0.121335,0.089800498,0.062271783,0.034998967
North East Derbyshire,185700,610,0.976131316,0.709996968,0.63,0.098348879,0.102800483,0.103170543,0.1051188,0.126789077,0.15127834,0.134462379,0.116840994,0.061190505
Berwick-upon-Tweed,185000,520,0.968263821,0.627260789,0.54,0.086335584,0.086335584,0.090199388,0.100234729,0.110164574,0.165682034,0.162939129,0.125725287,0.067016563
"Birmingham, Selly Oak",185000,580,0.85667887,0.565544073,0.588,0.118983131,0.111166655,0.255044354,0.1222915,0.104186359,0.106313168,0.082109358,0.059277976,0.040627499
North Warwickshire,185000,570,0.955072528,0.725830876,0.589,0.11617666,0.108483693,0.109555137,0.120194574,0.129162559,0.146241375,0.120408863,0.096462092,0.053315047
Torbay,185000,520,0.939968291,0.648662809,0.702,0.107140366,0.100732473,0.101739,0.105027655,0.11848124,0.147381534,0.133579152,0.11349843,0.07242015
West Lancashire,185000,580,0.960663312,0.7106194,0.615,0.106702166,0.123301418,0.142460703,0.096625877,0.118355435,0.141068046,0.116174287,0.098305258,0.05700681
Wyre Forest,185000,550,0.960867568,0.706292893,0.589,0.110555896,0.10126457,0.103322713,0.109101344,0.126447131,0.142704478,0.128139162,0.116849063,0.061615642
Stockport,184995,630,0.920813389,0.611416781,0.717,0.138861195,0.111281632,0.124914584,0.154286482,0.136900828,0.133977081,0.095733121,0.063224636,0.040820442
"Birmingham, Ladywood",182500,530,0.596899592,0.286902069,0.586,0.145543784,0.13945774,0.267061571,0.167978878,0.110151305,0.078082795,0.045858579,0.026876079,0.01898927
Waveney,182500,520,0.962087944,0.690657918,0.59,0.109952319,0.106067514,0.103711936,0.104718755,0.115955244,0.138551699,0.129176877,0.120362455,0.071503201
Wythenshawe and Sale East,181500,530,0.879976858,0.512470916,0.572,0.150008778,0.111081338,0.123268685,0.162380922,0.128553873,0.127389653,0.094671385,0.062646105,0.039999261
Broxtowe,181000,620,0.915700582,0.734641491,0.643,0.108897864,0.102880281,0.127001611,0.128817086,0.129735022,0.139516145,0.112294229,0.095343002,0.055514758
Coventry North West,180000,550,0.838319851,0.664242623,0.606,0.130406811,0.105809567,0.182113019,0.1486234,0.119002714,0.112498678,0.083221701,0.072584341,0.045739768
Nuneaton,180000,570,0.933414575,0.699957992,0.573,0.126152868,0.111650588,0.120873529,0.130234284,0.128538111,0.142171101,0.11156578,0.085169087,0.043644652
Bury South,179950,580,0.910059075,0.686837135,0.595,0.133818544,0.117377866,0.118035892,0.137178465,0.127248255,0.138394816,0.102362911,0.079800598,0.045782652
East Yorkshire,179950,560,0.96629706,0.715416999,0.67,0.097363461,0.101211276,0.084848247,0.091513212,0.118408654,0.152754329,0.150781342,0.132680906,0.070438572
Garston and Halewood,178000,570,0.949384321,0.599123485,0.432,0.125848428,0.104371662,0.118820033,0.134101771,0.114773686,0.145728744,0.119111209,0.081619744,0.055624724
Leicester South,178000,480,0.661798855,0.462091128,0.562,0.124401063,0.138211382,0.264822715,0.130552722,0.103519429,0.094794275,0.070056261,0.043494389,0.030147763
Newcastle upon Tyne North,177725,580,0.937488311,0.646014327,0.659,0.12831725,0.109684646,0.119614854,0.123696795,0.118753231,0.137633552,0.115166724,0.087874806,0.059258142
Wolverhampton South West,177500,580,0.803728522,0.627379873,0.684,0.122754389,0.108106272,0.139236351,0.136655384,0.131459491,0.127995563,0.09903893,0.077587476,0.057166144
Shipley,176995,530,0.941214172,0.72920939,0.63,0.117968204,0.105827949,0.097717048,0.120880612,0.136350825,0.146706056,0.122759585,0.093207512,0.05858221
South Ribble,176000,580,0.962915036,0.791420779,0.751,0.10829625,0.109652339,0.100471115,0.113780876,0.130917821,0.150957801,0.126086127,0.105222449,0.054615222
Gainsborough,175000,560,0.959583074,0.726209167,0.7,0.105899018,0.106330127,0.096353017,0.101115753,0.120454102,0.154829968,0.138796793,0.116964167,0.059257054
Great Yarmouth,175000,480,0.934671094,0.643385061,0.533,0.112679883,0.108453256,0.10962061,0.111814431,0.112377981,0.138864849,0.129495824,0.113293751,0.063399416
Halesowen and Rowley Regis,175000,540,0.943185332,0.679854442,0.588,0.125054452,0.11429816,0.116688447,0.129298886,0.124373108,0.136927699,0.10583163,0.093779669,0.053747948
Manchester Central,175000,540,0.697005792,0.271133929,0.548,0.11226146,0.119313152,0.345662011,0.166338776,0.088235294,0.073965916,0.047210063,0.029442504,0.017570824
Morley and Outwood,175000,610,0.956929518,0.727959154,0.771,0.121073926,0.105011452,0.119893455,0.133584898,0.135986198,0.148113769,0.108805101,0.083450203,0.044080998
Peterborough,175000,500,0.753591419,0.576280429,0.502,0.154540986,0.119747307,0.124243572,0.155185612,0.128909051,0.120222718,0.09127096,0.063962998,0.041916795
Stourbridge,175000,600,0.951912823,0.718134052,0.646,0.11611605,0.112854363,0.110090222,0.122904781,0.128256159,0.137510504,0.11933351,0.096678608,0.056255805
Crewe and Nantwich,173000,530,0.930670918,0.709483899,0.573,0.120718591,0.112227957,0.122207384,0.121485545,0.132033421,0.142653481,0.108212726,0.088677951,0.051782943
Penistone and Stocksbridge,173000,600,0.97375632,0.758257147,0.647,0.101390362,0.104796471,0.098587302,0.105756882,0.133988497,0.153207884,0.129945837,0.11192138,0.060405383
Gedling,172500,560,0.94036722,0.739239438,0.673,0.113770069,0.109921455,0.115017985,0.126029006,0.133841588,0.146194906,0.11424197,0.087396051,0.053586971
Beverley and Holderness,170000,620,0.968380318,0.755337726,0.683,0.094587744,0.105740271,0.082858705,0.093186223,0.125818796,0.158819144,0.149903086,0.124407336,0.064678694
Colne Valley,170000,570,0.923984213,0.731683147,0.656,0.122937124,0.115735487,0.102636728,0.121194793,0.138224966,0.146052056,0.118353452,0.086223072,0.048642322
Louth and Horncastle,170000,500,0.966764721,0.714698339,0.619,0.09390934,0.091209934,0.086380996,0.08768071,0.106896483,0.151356702,0.162714203,0.145937894,0.073913739
Burton,169995,520,0.907875909,0.681322028,0.621,0.1274231,0.111367006,0.119618831,0.131926638,0.127553637,0.142546784,0.107385617,0.083814301,0.048364087
Ellesmere Port and Neston,169995,600,0.959154557,0.721748915,0.538,0.113045863,0.110349398,0.109549599,0.112954457,0.12330614,0.153195768,0.123328992,0.098558077,0.055711707
Coventry North East,169000,480,0.756024287,0.565799307,0.557,0.154515129,0.12100781,0.177065264,0.158400377,0.118982771,0.108049135,0.076449119,0.053278914,0.032251481
Sherwood,167500,580,0.970576372,0.728314484,0.59,0.116711556,0.10931226,0.109835144,0.118516984,0.130503843,0.1481043,0.117934906,0.097187281,0.051893726
Southport,167500,580,0.932341975,0.72501818,0.648,0.103480012,0.102722075,0.098737494,0.104032223,0.11699294,0.14776517,0.131848499,0.11291091,0.081510676
Keighley,167000,550,0.904374678,0.725047128,0.583,0.128674887,0.123156145,0.101204275,0.118211846,0.127249041,0.14135363,0.115534538,0.08819728,0.056418358
"Birmingham, Yardley",165000,490,0.821010324,0.592563997,0.536,0.162650071,0.139124294,0.146274718,0.140881003,0.117514124,0.11680791,0.079493291,0.057574153,0.039680438
Cannock Chase,165000,540,0.975077466,0.691176471,0.473,0.111977944,0.109011178,0.120358809,0.130437823,0.133904045,0.147149607,0.111498467,0.088533498,0.04712863
Staffordshire Moorlands,165000,610,0.976742386,0.79689274,0.608,0.096540689,0.105862034,0.095156456,0.098382099,0.132010058,0.156900843,0.136238952,0.116707305,0.062201565
Stockton South,165000,610,0.947387449,0.737073734,0.711,0.124361713,0.119063814,0.117004052,0.1305889,0.130416455,0.139191999,0.112779146,0.080694762,0.045899158
"Plymouth, Moor View",164500,470,0.953402238,0.602884815,0.424,0.131092778,0.116962123,0.116737996,0.126471499,0.115030364,0.135041677,0.115126418,0.093076619,0.050460527
Calder Valley,164000,580,0.960664718,0.698142854,0.672,0.110597144,0.111608122,0.096472069,0.112838463,0.140859713,0.159620025,0.126753712,0.093467749,0.047783002
Nottingham South,162750,510,0.777933408,0.466605479,0.658,0.097926325,0.137921008,0.321203662,0.119817889,0.088687835,0.085472642,0.069463137,0.044040676,0.035466826
Dewsbury,162000,550,0.900637822,0.687867451,0.646,0.134165257,0.132596637,0.113308738,0.125962861,0.132938403,0.130747592,0.104510441,0.082374488,0.043395582
Worsley and Eccles South,162000,540,0.935562212,0.604278697,0.533,0.14465894,0.117794535,0.119713421,0.144678225,0.123184772,0.134804158,0.096542148,0.076302239,0.042321563
"Birmingham, Northfield",160000,520,0.915107176,0.568958734,0.53,0.147106372,0.124463519,0.137618122,0.127013607,0.11973864,0.126070556,0.098750938,0.072701553,0.046536692
Chorley,160000,610,0.962773354,0.742499322,0.691,0.11977842,0.108034682,0.107148362,0.128969171,0.138458574,0.143304432,0.115597303,0.093766859,0.044942197
Dudley South,160000,570,0.958354259,0.682819383,0.586,0.123522473,0.113901654,0.120069791,0.121974295,0.126778561,0.134519451,0.107156022,0.097645787,0.054431966
"Plymouth, Sutton and Devonport",160000,490,0.892322072,0.471625206,0.701,0.106602572,0.11046745,0.232634224,0.135619689,0.112465321,0.116679172,0.08569908,0.061567587,0.038264906
Salford and Eccles,160000,510,0.862353288,0.45219271,0.544,0.111327115,0.096717673,0.210965007,0.178208487,0.1149315,0.113271147,0.081207135,0.05868807,0.034683865
Warrington North,160000,550,0.947318118,0.676090508,0.65,0.119839059,0.109976272,0.116847209,0.13277623,0.127690086,0.14845765,0.112483235,0.08781595,0.044114309
Leeds East,159995,490,0.856069187,0.520985147,0.518,0.162224156,0.135638298,0.134333228,0.134214585,0.119759946,0.12019497,0.088982045,0.064600965,0.040051807
Telford,159500,520,0.936110404,0.605227036,0.54,0.142272545,0.118304052,0.126703794,0.139677754,0.130283171,0.132406182,0.102971191,0.072674687,0.034706624
Scarborough and Whitby,158500,510,0.948274623,0.647553465,0.549,0.101586877,0.100371747,0.102493075,0.098229824,0.111925774,0.153229876,0.144528314,0.118495711,0.069138803
Newcastle upon Tyne East,158000,570,0.877705594,0.408035805,0.615,0.0806114,0.10866962,0.349851531,0.118609745,0.086861705,0.095974298,0.075461228,0.051141508,0.032818965
Middlesbrough South and East Cleveland,157975,570,0.972981708,0.675605363,0.624,0.115752476,0.108829481,0.112717009,0.10727447,0.117254234,0.145851528,0.129971243,0.103024816,0.059324742
Boston and Skegness,157747.5,460,0.886757012,0.635128656,0.517,0.116859324,0.10234258,0.106583218,0.117872985,0.116933721,0.138555393,0.133031405,0.109215017,0.058606355
Derby North,157500,590,0.892148361,0.603958741,0.612,0.122837995,0.120369919,0.165536685,0.130954355,0.120584534,0.124993903,0.093250349,0.071798574,0.049673687
Brigg and Goole,157000,580,0.951202916,0.72793081,0.662,0.107441735,0.104697201,0.100456672,0.111097363,0.125899847,0.153963826,0.135190768,0.104213534,0.057039053
Rother Valley,156875,550,0.971387198,0.740588621,0.638,0.11816364,0.110165124,0.107392443,0.11640108,0.12539941,0.145612154,0.1196479,0.103712713,0.053505535
Bury North,155000,580,0.916129698,0.707048757,0.639,0.12461028,0.119065117,0.11463344,0.125200428,0.132349011,0.139954124,0.107818903,0.089513184,0.046855514
Chesterfield,155000,510,0.960610415,0.632061829,0.689,0.107745859,0.100954038,0.117997262,0.121520519,0.129458458,0.1491229,0.121329499,0.096167928,0.055703537
"Sheffield, Heeley",155000,510,0.927064387,0.577593971,0.581,0.123712316,0.108281125,0.1380608,0.135212126,0.127370391,0.133793045,0.098915192,0.081581382,0.053073624
Wakefield,155000,520,0.912636473,0.589623101,0.634,0.12279217,0.108992612,0.11835162,0.137029809,0.134431191,0.137637149,0.110973934,0.08452976,0.045261754
Warley,154225,480,0.770458021,0.563715513,0.535,0.155128802,0.134134002,0.134285772,0.150626303,0.130400469,0.120677095,0.077625109,0.058704494,0.038417953
Lincoln,154000,520,0.907357948,0.571463404,0.541,0.111989846,0.122028723,0.203609025,0.131197742,0.107711562,0.118549289,0.091202002,0.069109371,0.044602439
Bolton West,153500,570,0.947642373,0.723635643,0.54,0.11885263,0.110756856,0.110996499,0.124874969,0.131647495,0.147422272,0.11498708,0.091408269,0.04905393
West Bromwich East,153000,510,0.829149154,0.582390768,0.472,0.142576917,0.123494169,0.125295836,0.142385024,0.127012217,0.125988785,0.094273043,0.071917443,0.047056566
"Birmingham, Perry Barr",152770,480,0.701951629,0.618696869,0.62,0.147451176,0.143226851,0.159430472,0.146134965,0.124453061,0.115168439,0.076295756,0.051625698,0.036213582
Bassetlaw,152500,550,0.952421779,0.688399046,0.696,0.114700875,0.104877345,0.110961236,0.109826321,0.127352391,0.152953106,0.124105789,0.100021396,0.055201541
Walsall South,152250,480,0.819124412,0.582974628,0.624,0.151834637,0.137871745,0.137286022,0.14625137,0.124721309,0.111523637,0.085005479,0.063267581,0.042238219
Cleethorpes,152000,600,0.966055154,0.730868571,0.674,0.109169889,0.108205753,0.099422578,0.108788473,0.123239922,0.151655454,0.130635164,0.107167452,0.061715315
Sheffield Central,151975,530,0.774869019,0.363351414,0.572,0.08517133,0.114566811,0.393288942,0.13754302,0.085882089,0.071457429,0.052409098,0.036188837,0.023492444
Amber Valley,151750,540,0.973043706,0.724682122,0.583,0.106334143,0.102891194,0.113396601,0.117766497,0.13196866,0.148057824,0.126693887,0.101578018,0.051313176
Denton and Reddish,151000,520,0.949552614,0.674349384,0.64,0.124920918,0.10816127,0.124023696,0.134560304,0.126853396,0.14670731,0.10642434,0.082371887,0.045976879
Erewash,151000,540,0.961956406,0.708238851,0.587,0.116266409,0.106333587,0.12361074,0.126866898,0.131540563,0.147564558,0.106446576,0.088275777,0.053094891
"Birmingham, Erdington",150000,450,0.849751478,0.51431428,0.456,0.149522922,0.130093878,0.149388398,0.144170806,0.118832336,0.126115825,0.083049072,0.058969357,0.039857405
"Manchester, Gorton",150000,510,0.674211766,0.391191067,0.603,0.146613639,0.144490871,0.228310847,0.159442543,0.116953618,0.090867902,0.057448986,0.034098537,0.021773057
Workington,150000,590,0.976123936,0.684034002,0.609,0.106591337,0.103264281,0.10435656,0.107545512,0.122247332,0.152881356,0.134551161,0.108298807,0.060263653
Lancaster and Fleetwood,149249.5,570,0.918361223,0.664293841,0.743,0.09410994,0.12879524,0.20561166,0.102461925,0.103990392,0.123740379,0.104525356,0.085616027,0.05114908
Leicester West,149000,490,0.769307668,0.455124955,0.508,0.152865017,0.121046752,0.201338656,0.151986009,0.114152032,0.107220686,0.075146044,0.046569121,0.029675683
Stalybridge and Hyde,149000,500,0.944506213,0.642561148,0.592,0.131815205,0.11381736,0.118697057,0.129216925,0.132110944,0.142894865,0.107965948,0.082997106,0.04048459
Leigh,148997.5,540,0.96073672,0.678220256,0.591,0.117457878,0.11173725,0.115607923,0.131517532,0.135350258,0.147929948,0.111746736,0.089442927,0.039209548
Blaydon,148000,530,0.974445237,0.688144862,0.67,0.105299052,0.104969424,0.098388233,0.122485167,0.128373002,0.148378004,0.124644798,0.105833277,0.061629044
City of Durham,147000,610,0.929409272,0.64718995,0.698,0.091735424,0.119462812,0.210964168,0.11454737,0.106754833,0.12061365,0.106803597,0.084528059,0.044590087
Morecambe and Lunesdale,146000,500,0.950058734,0.713930731,0.519,0.118553705,0.10874036,0.111970493,0.102973064,0.116284788,0.144797139,0.125706941,0.107645021,0.06332849
Copeland,145000,670,0.967932156,0.709877425,0.672,0.100879653,0.101644569,0.104041305,0.107789393,0.121239164,0.161014788,0.137939827,0.105048445,0.060402856
Dudley North,145000,540,0.929326011,0.629545797,0.553,0.130678756,0.119233383,0.123919308,0.127984349,0.126707434,0.135692697,0.098017853,0.082800309,0.05496591
North Tyneside,145000,550,0.960947453,0.596785805,0.557,0.112843419,0.100856354,0.119168872,0.142545544,0.125371039,0.145058655,0.121776817,0.083577532,0.048801768
Wolverhampton North East,145000,480,0.876872105,0.539781719,0.508,0.145281908,0.119467579,0.137389352,0.137694589,0.124394977,0.129834736,0.092432303,0.068264074,0.045240483
"Normanton, Pontefract and Castleford",144000,520,0.96304865,0.630806531,0.609,0.125649516,0.105648812,0.125614288,0.13245733,0.126442147,0.145659028,0.108158808,0.083314251,0.047055819
Bolton North East,142000,500,0.888443456,0.606415268,0.676,0.135787537,0.121131427,0.126233624,0.131640732,0.126325097,0.131406966,0.101708524,0.081513177,0.044252914
Hemsworth,141000,480,0.956935093,0.649931447,0.558,0.12537533,0.107933821,0.113918949,0.126574371,0.121828588,0.142786611,0.118443061,0.093081837,0.050057433
Jarrow,141000,470,0.97595484,0.604179638,0.588,0.116155385,0.106656445,0.111387947,0.126768324,0.119928608,0.150569577,0.126277206,0.087718458,0.05453805
Barrow and Furness,140000,630,0.969659784,0.74156604,0.624,0.105317775,0.106159487,0.110344987,0.108396366,0.123627894,0.154390739,0.127479015,0.108500138,0.055783599
"Birmingham, Hodge Hill",140000,460,0.711969296,0.532077096,0.477,0.18525066,0.178681159,0.154603282,0.14300051,0.117255168,0.088630363,0.062105328,0.040443731,0.030029798
Don Valley,140000,560,0.963084013,0.700556486,0.597,0.113644273,0.109140261,0.112361673,0.123149428,0.122990346,0.14420792,0.122453444,0.098611014,0.053441642
Leeds West,140000,540,0.902161498,0.514861351,0.614,0.129240608,0.105300496,0.192050316,0.156410148,0.117752319,0.119372326,0.084928635,0.058108509,0.036836644
"Liverpool, Wavertree",140000,550,0.87123638,0.527112702,0.63,0.125197949,0.105859281,0.1850807,0.148878378,0.116629786,0.119450883,0.094428073,0.064696444,0.039778507
Sheffield South East,140000,510,0.913816483,0.653839265,0.532,0.122647487,0.117176774,0.12827662,0.126386161,0.127664069,0.137623302,0.102538918,0.084701012,0.052985658
Wallasey,140000,560,0.962479317,0.646544071,0.494,0.121216489,0.112335632,0.11711422,0.123367408,0.121914983,0.145087256,0.122657826,0.086701998,0.049604187
Newcastle-under-Lyme,139950,540,0.939861712,0.662704506,0.527,0.102531565,0.113592623,0.169204577,0.1191866,0.121079458,0.130935008,0.104857983,0.084099994,0.054512193
Wansbeck,139950,540,0.976031746,0.650094866,0.609,0.107855693,0.106212546,0.103916973,0.115346511,0.123187705,0.153005993,0.131427605,0.101597236,0.057449739
Blyth Valley,139000,520,0.9767323,0.651474382,0.635,0.110599953,0.109188997,0.108714726,0.122195874,0.125634337,0.143028219,0.13392222,0.098992175,0.0477235
Newcastle upon Tyne Central,138000,500,0.784327538,0.428541541,0.568,0.132625462,0.13846492,0.215161565,0.142861239,0.108866228,0.100991083,0.078130227,0.048799136,0.03410014
Ashfield,137500,480,0.969621446,0.690888147,0.569,0.119561158,0.108879552,0.116246499,0.121680672,0.127226891,0.147217554,0.116377218,0.094715219,0.048095238
Houghton and Sunderland South,137250,530,0.980184364,0.618185623,0.5,0.11264658,0.105674412,0.121358947,0.117571456,0.123167389,0.148974648,0.123667838,0.094061714,0.052877015
Mansfield,136747.5,470,0.944316811,0.665687322,0.582,0.122986742,0.103563914,0.118843083,0.132597091,0.124089268,0.146167345,0.116546154,0.086401264,0.048805138
Carlisle,135000,510,0.947010316,0.666906014,0.598,0.117068997,0.103750462,0.122595265,0.122479652,0.125,0.142943026,0.118756937,0.09054754,0.056858121
Derby South,135000,550,0.799498035,0.543744401,0.517,0.153241566,0.135077434,0.144168109,0.144512452,0.126993965,0.117137126,0.080679735,0.058607302,0.039582311
Halton,135000,540,0.973861782,0.642178874,0.599,0.125592925,0.115106446,0.120441493,0.131121788,0.12613357,0.140618784,0.115402271,0.080770369,0.044812355
Heywood and Middleton,135000,490,0.935241689,0.649190766,0.578,0.129711287,0.111747103,0.122971222,0.131007094,0.123455984,0.141774418,0.112865786,0.079743449,0.046723657
Oldham East and Saddleworth,135000,510,0.900493105,0.657574435,0.649,0.144525329,0.129423433,0.122237401,0.12943279,0.123912271,0.13201527,0.09951906,0.07841009,0.040524356
St Helens North,135000,530,0.975320666,0.673013962,0.614,0.118213854,0.108517922,0.1166029,0.125080548,0.125553766,0.139991945,0.120710834,0.096757954,0.048570278
Wigan,135000,490,0.959088321,0.632711361,0.628,0.119208393,0.110433953,0.119389604,0.131120649,0.130100143,0.146514068,0.109661421,0.089127325,0.044444444
Bolsover,134995,510,0.970160787,0.666862199,0.564,0.111489791,0.106004537,0.117045626,0.118679103,0.130859592,0.149765566,0.120675573,0.096667507,0.048812705
Blackley and Broughton,134000,490,0.736470015,0.364630691,0.545,0.176320815,0.136186326,0.150679789,0.16614438,0.121896881,0.103551551,0.071079992,0.045830681,0.028309586
Makerfield,133500,580,0.97483758,0.744945302,0.663,0.115242561,0.115113142,0.112415256,0.122450199,0.137701719,0.14085755,0.113878685,0.099891487,0.042449402
Rossendale and Darwen,133000,510,0.9593635,0.709704743,0.581,0.119649954,0.115340441,0.109130271,0.122384055,0.137690955,0.15329261,0.116793885,0.084919756,0.040798073
Gateshead,132500,500,0.924734937,0.477242929,0.649,0.115939948,0.111448378,0.157779236,0.152200665,0.119365027,0.130163255,0.096025268,0.070972969,0.046105255
Batley and Spen,132000,520,0.901704372,0.670514792,0.654,0.135787438,0.125089522,0.116808709,0.137497314,0.131606746,0.128554036,0.101930101,0.078573731,0.044152403
Ashton-under-Lyne,131500,480,0.907287476,0.623715577,0.549,0.130655925,0.113820436,0.128550139,0.134424742,0.124619339,0.142059567,0.102524783,0.080883782,0.042461286
Nottingham East,131000,490,0.752683732,0.399828849,0.486,0.121581373,0.126551453,0.262119662,0.143118386,0.11452911,0.100026254,0.067426513,0.039615792,0.025031459
Huddersfield,130000,480,0.834263768,0.582218162,0.541,0.124516046,0.115515244,0.178788209,0.131605787,0.120060203,0.123842719,0.092483489,0.070372607,0.042815696
Knowsley,130000,540,0.980011548,0.597077626,0.384,0.135974866,0.113973553,0.134783832,0.125893276,0.113354591,0.143383663,0.115924224,0.070730564,0.045981431
Rochdale,130000,490,0.843523028,0.586118734,0.596,0.147917184,0.133546819,0.132207359,0.138221623,0.129173615,0.121491679,0.094666998,0.067647163,0.035127559
Walsall North,130000,510,0.937802254,0.55241038,0.444,0.148825587,0.122458771,0.131344328,0.136171914,0.119230385,0.127616192,0.09806097,0.073273363,0.043018491
Wolverhampton South East,130000,450,0.84468739,0.541624279,0.525,0.144979758,0.12366731,0.128701329,0.139797367,0.127853494,0.122416753,0.094766739,0.071938786,0.045878463
Barnsley Central,129975,510,0.956028187,0.629690264,0.571,0.117242966,0.105070558,0.127629503,0.136525988,0.127158384,0.143768078,0.111534753,0.084746691,0.046323078
Redcar,129475,480,0.977697991,0.653319751,0.623,0.119019303,0.110694356,0.117406916,0.117098161,0.112306742,0.148922788,0.120929009,0.097486506,0.056136218
South Shields,129450,520,0.958004229,0.550580475,0.621,0.110721275,0.105709103,0.124719557,0.124612153,0.118836221,0.150341305,0.1230727,0.087104396,0.054883288
St Helens South and Whiston,129000,580,0.969848098,0.668274223,0.563,0.117986142,0.109096908,0.121208004,0.124449275,0.127758477,0.143673699,0.111474487,0.091677503,0.052675504
Darlington,128000,500,0.944638306,0.628669612,0.632,0.120635232,0.112526123,0.114474486,0.128243643,0.127144288,0.141958377,0.112667625,0.0866314,0.055718826
Doncaster Central,128000,500,0.885726536,0.620895791,0.582,0.124813741,0.108459086,0.131686128,0.147688584,0.126294781,0.132273125,0.108549394,0.073266325,0.046968835
"Liverpool, Riverside",128000,570,0.823459798,0.295563675,0.735,0.07823084,0.117453486,0.343871092,0.151669773,0.090765226,0.081662082,0.066687372,0.043992368,0.025667761
Sedgefield,128000,580,0.974030916,0.661774334,0.641,0.112596571,0.109082735,0.106456231,0.109792601,0.123268223,0.156241496,0.126296984,0.103403807,0.052861351
Stoke-on-Trent South,127500,520,0.947609422,0.662479762,0.492,0.130672778,0.11383941,0.122806822,0.125977682,0.119602586,0.134755955,0.116943514,0.089807635,0.045593618
Bootle,126000,510,0.970248555,0.561217301,0.509,0.128463754,0.111000713,0.128303174,0.128453718,0.120816146,0.149088208,0.113369263,0.075542709,0.044962314
"Liverpool, West Derby",126000,560,0.942156246,0.54748921,0.569,0.136836344,0.112377518,0.131191174,0.138886206,0.122841474,0.139455016,0.104714683,0.06860062,0.045096966
Birkenhead,125000,540,0.953432863,0.529341228,0.674,0.128807697,0.119507383,0.121159048,0.130215492,0.126235977,0.141799317,0.108256108,0.080255398,0.043763579
Bishop Auckland,125000,520,0.975878728,0.648778739,0.616,0.106290891,0.108572387,0.110328245,0.10896382,0.120606162,0.153318794,0.135749035,0.100754907,0.055415758
Kingston upon Hull North,125000,480,0.892377628,0.482466594,0.605,0.133556911,0.118424797,0.20546748,0.141981707,0.115315041,0.114319106,0.08300813,0.056859756,0.031067073
Scunthorpe,125000,490,0.906338779,0.64716646,0.608,0.126640491,0.118299746,0.119883295,0.137508406,0.120197835,0.135632009,0.110100002,0.081791362,0.049946854
Sunderland Central,125000,480,0.925744606,0.590790736,0.626,0.103692414,0.103112247,0.16344953,0.124509563,0.115561237,0.141688382,0.113692905,0.080564433,0.053729289
Wentworth and Dearne,124997.5,520,0.975671651,0.635398317,0.567,0.122410489,0.113666162,0.115572365,0.125920323,0.125022693,0.143348462,0.117892083,0.087160867,0.049006556
Stockton North,124972.5,530,0.960861865,0.629995323,0.571,0.127122113,0.114184764,0.125861772,0.132669769,0.115606687,0.142569373,0.112773613,0.080209411,0.049002499
Hartlepool,124950,550,0.972193246,0.598357818,0.604,0.120696682,0.115741833,0.122391197,0.122863087,0.118616074,0.146661376,0.117221853,0.082784582,0.053023316
Leeds Central,124000,480,0.786674895,0.316127115,0.396,0.129439033,0.129535342,0.300027609,0.149330012,0.099223751,0.082299084,0.05469056,0.034606964,0.020847646
Halifax,122995,510,0.889099291,0.630636946,0.703,0.137105281,0.121007669,0.122071974,0.137513898,0.127707088,0.132467952,0.102182775,0.075394601,0.044548763
Nottingham North,122000,450,0.887662772,0.486396767,0.425,0.157568684,0.135492109,0.142026296,0.128808284,0.120717863,0.12614473,0.086939606,0.064603659,0.037698769
Oldham West and Royton,122000,500,0.84818157,0.62986618,0.545,0.149066945,0.141182886,0.131986358,0.139288124,0.12434261,0.118020574,0.09130905,0.067296405,0.037507048
Barnsley East,120000,520,0.971349271,0.627501217,0.586,0.121947882,0.109371053,0.124094889,0.126010356,0.124526396,0.143112739,0.114906963,0.087480003,0.048549718
Blackpool North and Cleveleys,120000,460,0.953388255,0.676472133,0.492,0.108775643,0.10258291,0.110146461,0.10780164,0.120848464,0.150729901,0.124203362,0.108775643,0.066135976
Doncaster North,120000,530,0.969281621,0.644811252,0.574,0.128486778,0.116807078,0.116283054,0.123931796,0.120394631,0.145880361,0.114791599,0.085244679,0.048180023
Rotherham,120000,490,0.903831789,0.560201296,0.566,0.130603228,0.121363819,0.132148571,0.131288838,0.123322705,0.134999837,0.102961181,0.078464234,0.044847588
"Sheffield, Brightside and Hillsborough",120000,470,0.852994708,0.499000253,0.424,0.158236712,0.13453356,0.141864341,0.137964046,0.123710244,0.121228238,0.080780413,0.061988086,0.039694359
North Durham,118000,560,0.978361705,0.670191313,0.535,0.111627009,0.104055036,0.115112161,0.116928526,0.125181637,0.151814095,0.125215693,0.098628644,0.051437199
Kingston upon Hull West and Hessle,117000,500,0.897266585,0.488043616,0.557,0.125658588,0.101216383,0.153937783,0.145656755,0.121718514,0.134466486,0.100746782,0.071917808,0.0446809
Stoke-on-Trent North,117000,470,0.9299178,0.617715899,0.528,0.13536114,0.114500828,0.129478492,0.132680821,0.124559554,0.128846057,0.10698188,0.083029664,0.044561562
Blackburn,115000,490,0.813568804,0.607910983,0.685,0.155211636,0.146212668,0.132079264,0.145052395,0.12714582,0.114053921,0.088025435,0.058205505,0.034013357
Great Grimsby,115000,470,0.949695727,0.604216306,0.5,0.135324338,0.116016485,0.13000621,0.133303224,0.119990967,0.13534692,0.105741546,0.075820019,0.048450291
North West Durham,115000,520,0.972915468,0.700158016,0.643,0.111980186,0.106000148,0.104370191,0.116721881,0.127083752,0.152041151,0.129772123,0.098432489,0.053598078
Washington and Sunderland West,115000,460,0.975580857,0.584613754,0.572,0.119668341,0.1114452,0.119941686,0.124144372,0.124486054,0.140453981,0.130249086,0.087618592,0.041992688
Kingston upon Hull East,113000,450,0.961462741,0.554062156,0.573,0.13255313,0.110768138,0.141935556,0.132952855,0.117807732,0.134485132,0.109513446,0.074493127,0.045490884
Bradford South,112000,470,0.88760648,0.632809055,0.481,0.156359514,0.136636282,0.115902328,0.142426675,0.125263307,0.127558683,0.097057573,0.061540641,0.037254995
Bolton South East,110000,460,0.84122382,0.57442029,0.603,0.154979885,0.133210512,0.129845471,0.136124375,0.129986465,0.120727902,0.090273339,0.070421476,0.034430575
Bradford East,110000,480,0.770391847,0.593431146,0.569,0.178943661,0.15912159,0.132289684,0.15071985,0.124868985,0.104376116,0.076764407,0.044163641,0.028752065
Middlesbrough,110000,470,0.894071273,0.529419395,0.579,0.141714881,0.1241595,0.181318739,0.131602815,0.108532708,0.12,0.092666145,0.062528017,0.037477196
Stoke-on-Trent Central,110000,510,0.884145168,0.525777997,0.66,0.128396543,0.115450738,0.175552966,0.142507702,0.116800702,0.120389066,0.09453207,0.067694331,0.038675882
Blackpool South,109000,450,0.943075825,0.601128056,0.435,0.12323957,0.110112642,0.124460386,0.11806683,0.121540495,0.148750865,0.114429551,0.089308414,0.050091247
Bradford West,105000,480,0.676048483,0.561236913,0.569,0.161286248,0.161740932,0.163062881,0.155030144,0.12641878,0.093092183,0.072033613,0.03933852,0.027996699
Pendle,105000,540,0.891483701,0.6849095,0.579,0.138044965,0.117138012,0.113462064,0.135342706,0.124019474,0.128483125,0.113615229,0.08394508,0.045949346
Preston,102000,470,0.837792783,0.500434738,0.637,0.137852955,0.125270112,0.210124174,0.141916273,0.114103744,0.109781946,0.080604638,0.049793732,0.030552425
Hyndburn,100000,480,0.926589833,0.675878757,0.617,0.133781571,0.119569434,0.122823463,0.127984656,0.125075425,0.134255668,0.106467115,0.084928023,0.045114645
Burnley,90000,520,0.922650157,0.650013316,0.515,0.135337242,0.11647294,0.118958058,0.129903871,0.123137574,0.132592316,0.112338609,0.085126572,0.046132818
Easington,81975,520,0.978035255,0.638261303,0.579,0.116829838,0.10966563,0.121246959,0.121718926,0.120036789,0.149564944,0.121658417,0.088451345,0.050827151
"Liverpool, Walton",72500,480,0.95089033,0.470894959,0.467,0.1284045,0.110909604,0.1457908,0.145345554,0.1215955,0.136375483,0.1042092,0.067959689,0.039409669
